trade_date,open,high,low,close,vol,amount,outstanding_share,turnover
2023-07-05,9.43,9.44,9.28,9.29,11508900.0,113148680.0,1694932377.0,0.00679018240265759
2023-07-06,9.3,9.47,9.23,9.3,11421357.0,112170047.0,1694932377.0,0.006738532554446566
2023-07-07,9.3,9.35,9.18,9.27,9021900.0,87804381.0,1694932377.0,0.005322867226106449
2023-07-10,9.27,9.36,9.25,9.29,9073003.0,88719498.0,1694932377.0,0.005353017691513483
2023-07-11,9.29,9.44,9.29,9.32,9158800.0,89798909.0,1695271857.0,0.005402555325968583
2023-07-12,9.33,9.36,9.14,9.17,9423124.0,91503055.0,1695271857.0,0.005558473681427958
2023-07-13,9.19,9.34,9.18,9.31,8592101.0,83595255.0,1695271857.0,0.005068273247457089
2023-07-14,9.3,9.34,9.25,9.26,7218330.0,70488138.0,1695271857.0,0.004257918852480543
2023-07-17,9.26,9.46,9.17,9.42,14285096.0,140733170.0,1695271857.0,0.008426433755161429
2023-07-18,9.39,9.71,9.36,9.65,22693712.0,228925458.0,1695271857.0,0.013386473624448305
2023-07-19,9.6,9.71,9.56,9.67,15040965.0,152402710.0,1695271857.0,0.00887230265629308
2023-07-20,9.61,9.71,9.43,9.47,12174419.0,122357570.0,1695271857.0,0.007181396275606314
2023-07-21,9.46,9.5,9.24,9.31,13899900.0,136251533.0,1695271857.0,0.008199215920800838
2023-07-24,9.29,9.44,9.25,9.32,7868400.0,77316916.0,1695271857.0,0.00464137947404149
2023-07-25,9.39,9.45,9.33,9.4,8132672.0,80242750.0,1695271857.0,0.004797267155954445
2023-07-26,9.42,9.42,9.27,9.29,7216531.0,70690704.0,1695271857.0,0.0042568576657495945
2023-07-27,9.29,9.42,9.22,9.23,10305746.0,100871863.0,1695271857.0,0.0060791111215857336
2023-07-28,9.2,9.28,9.13,9.27,10796000.0,104516610.0,1695271857.0,0.0063683001374805455
2023-07-31,9.26,9.39,9.23,9.29,12987684.0,127212374.0,1695271857.0,0.007661121693474795
2023-08-01,9.29,9.3,9.16,9.27,11744800.0,113911675.0,1695271857.0,0.006927974384464757
2023-08-02,9.26,9.32,9.18,9.2,8146755.0,78979025.0,1695271857.0,0.004805574378151197
2023-08-03,9.19,9.23,9.16,9.2,5570698.0,53858415.0,1695271857.0,0.0032860204556560395
2023-08-04,9.23,9.27,9.17,9.19,7582899.0,73472000.0,1695271857.0,0.004472969316802621
2023-08-07,9.18,9.21,9.08,9.09,9661200.0,92722159.0,1695271857.0,0.005698908974456006
2023-08-08,9.12,9.12,8.92,8.99,13065997.0,123401076.0,1695271857.0,0.007707316644259022
2023-08-09,8.97,9.05,8.96,9.0,7010000.0,66255765.0,1695271857.0,0.00413503000775645
2023-08-10,9.0,9.04,8.93,8.96,7255776.0,68396014.0,1695271857.0,0.004280007345158211
2023-08-11,8.96,8.98,8.83,8.86,7035500.0,65840553.0,1695271857.0,0.004150071843020043
2023-08-14,8.83,8.9,8.78,8.83,7184824.0,66670864.0,1695271857.0,0.004238154470820075
2023-08-15,8.83,8.86,8.74,8.8,6829972.0,63138866.0,1695271857.0,0.004028835830547265
2023-08-16,8.8,8.82,8.75,8.75,4782658.0,44131267.0,1695271857.0,0.0028211746571806624
2023-08-17,8.76,8.96,8.69,8.95,9773307.0,91008058.0,1695271857.0,0.005765038191157797
2023-08-18,8.93,9.0,8.84,8.85,7431400.0,69784837.0,1695271857.0,0.004383603708935988
2023-08-21,8.86,8.98,8.8,8.8,8536992.0,79585074.0,1695271857.0,0.00503576577688684
2023-08-22,8.8,8.92,8.73,8.85,8230758.0,76435366.0,1695271857.0,0.00485512572276483
2023-08-23,8.83,8.9,8.75,8.76,7764500.0,71842163.0,1695271857.0,0.004580091368791005
2023-08-24,8.69,8.69,8.28,8.4,26217266.0,231316731.0,1695271857.0,0.015464933185639499
2023-08-25,8.32,8.45,8.28,8.32,11069734.0,97262918.0,1695271857.0,0.006529769225090133
2023-08-28,8.61,8.76,8.38,8.39,13998600.0,125410687.0,1695271857.0,0.008257436671409334
2023-08-29,8.4,8.53,8.38,8.48,11656354.0,103678396.0,1695271857.0,0.006875802221259902
2023-08-30,8.49,8.6,8.47,8.48,8156260.0,72964845.0,1695271857.0,0.004811181148511215
2023-08-31,8.48,8.5,8.41,8.44,6870373.0,60983079.0,1695271857.0,0.0040526674064878315
2023-09-01,8.46,8.57,8.42,8.55,7895941.0,70407066.0,1695271857.0,0.004657625246002064
2023-09-04,8.55,8.65,8.54,8.64,8192077.0,74024267.0,1695271857.0,0.00483230873335969
2023-09-05,8.64,8.66,8.57,8.59,6129425.0,55436615.0,1695271857.0,0.0036156000435510092
2023-09-06,8.58,8.72,8.52,8.68,8057501.0,73224917.0,1695271857.0,0.00475292559522505
2023-09-07,8.64,8.72,8.56,8.56,6720021.0,61000900.0,1695271857.0,0.003963978386270114
2023-09-08,8.57,8.68,8.54,8.63,6774724.0,61382697.0,1695271857.0,0.003996246367227932
2023-09-11,8.65,8.69,8.61,8.68,7618863.0,69294791.0,1695271857.0,0.004494183613407321
2023-09-12,8.69,8.74,8.66,8.7,4630280.0,42322984.0,1695271857.0,0.0027312905484043553
2023-09-13,8.72,8.72,8.6,8.67,6414481.0,58189826.0,1695271857.0,0.0037837477060176316
2023-09-14,8.65,8.69,8.6,8.61,4411133.0,40030184.0,1695271857.0,0.002602021016149034
2023-09-15,8.63,8.68,8.61,8.63,4683200.0,42507432.0,1695271857.0,0.0027625067806455066
2023-09-18,8.61,8.66,8.56,8.64,5335980.0,48281567.0,1695271857.0,0.003147565965875643
2023-09-19,8.62,8.64,8.49,8.55,5896579.0,52995698.0,1695271857.0,0.003478249801441728
2023-09-20,8.55,8.58,8.5,8.5,4690300.0,42047014.0,1695271857.0,0.0027666948994836053
2023-09-21,8.49,8.56,8.46,8.46,4399477.0,39294461.0,1695271857.0,0.00259514542274384
2023-09-22,8.46,8.59,8.45,8.58,4762389.0,42669125.0,1695271857.0,0.00280921846271173
2023-09-25,8.58,8.58,8.44,8.46,5742204.0,51289733.0,1695271857.0,0.0033871877105077193
2023-09-26,8.47,8.5,8.38,8.39,6244379.0,55217078.0,1695271857.0,0.003683408636919288
2023-09-27,8.37,8.43,8.37,8.41,5682121.0,50188725.0,1695271857.0,0.00335174619724723
2023-09-28,8.42,8.47,8.41,8.43,4788651.0,42437511.0,1695271857.0,0.0028247097834055534
2023-10-09,8.44,8.56,8.44,8.47,7042129.0,62858681.0,1695271857.0,0.004153982130312684
2023-10-10,8.49,8.54,8.42,8.46,5982300.0,53251232.0,1695271857.0,0.0035288145528390024
2023-10-11,8.46,8.49,8.4,8.41,6554800.0,58160169.0,1695271857.0,0.0038665185014039906
2023-10-12,8.41,8.49,8.41,8.46,6165400.0,54820987.0,1695271857.0,0.0036368208287905295
2023-10-13,8.44,8.46,8.33,8.34,6571041.0,57843694.0,1695271857.0,0.003876098675777168
2023-10-16,8.37,8.48,8.31,8.41,8421081.0,74407980.0,1695271857.0,0.0049673926722892565
2023-10-17,8.5,8.61,8.41,8.55,9816763.0,87709940.0,1695271857.0,0.005790671837950531
2023-10-18,8.53,8.55,8.32,8.33,6470036.0,57043270.0,1695271857.0,0.0038165182612360207
2023-10-19,8.34,8.36,8.19,8.19,8173500.0,70957489.0,1695271857.0,0.004821350608901189
2023-10-20,8.2,8.23,8.13,8.15,6019793.0,51701675.0,1695271857.0,0.003550930769683626
2023-10-23,8.12,8.39,8.0,8.18,9649352.0,83465288.0,1695271857.0,0.005691920124879416
2023-10-24,8.23,8.25,8.05,8.14,7364971.0,62844991.0,1695271857.0,0.004344418843260488
2023-10-25,8.17,8.29,8.17,8.21,5532005.0,47839507.0,1695271857.0,0.0032631963877401875
2023-10-26,8.09,8.2,7.78,8.13,13712998.0,115046836.0,1695271857.0,0.008088966936705303
2023-10-27,8.08,8.15,8.04,8.11,8305022.0,70553071.0,1695271857.0,0.004898932266059555
2023-10-30,8.07,8.23,8.05,8.2,9308639.0,79963809.0,1695271857.0,0.0054909417398533505
2023-10-31,8.18,8.3,8.17,8.21,6016875.0,51964022.0,1695271857.0,0.0035492095118287567
2023-11-01,8.21,8.28,8.2,8.21,7096387.0,61327841.0,1695271857.0,0.004185987616498255
2023-11-02,8.23,8.26,8.01,8.04,7818138.0,66619522.0,1695271857.0,0.004611731131923109
2023-11-03,8.02,8.25,8.01,8.16,8935903.0,76714245.0,1695271857.0,0.005271073759115674
2023-11-06,8.17,8.3,8.17,8.29,7787600.0,67535747.0,1695271857.0,0.0045937175019121436
2023-11-07,8.28,8.3,8.2,8.24,5810898.0,50298393.0,1695271857.0,0.003427708645080162
2023-11-08,8.25,8.27,8.19,8.22,6581200.0,56843646.0,1695271857.0,0.0038820912249710048
2023-11-09,8.21,8.24,8.15,8.17,4802336.0,41279970.0,1695271857.0,0.002832782234997015
2023-11-10,8.17,8.22,8.12,8.21,4217200.0,36218857.0,1695271857.0,0.0024876246146519967
2023-11-13,8.21,8.36,8.18,8.33,11212578.0,97593421.0,1695271857.0,0.0066140294571055335
2023-11-14,8.35,8.47,8.34,8.37,13812881.0,122050394.0,1695271857.0,0.008147885510494852
2023-11-15,8.41,8.44,8.28,8.34,9786806.0,85638738.0,1695271857.0,0.005773000925833219
2023-11-16,8.33,8.35,8.24,8.25,5918436.0,51595747.0,1695271857.0,0.003491142718828252
2023-11-17,8.24,8.29,8.22,8.26,4048700.0,35126048.0,1695271857.0,0.0023882305267337424
2023-11-20,8.25,8.4,8.25,8.37,7739446.0,67916182.0,1695271857.0,0.004565312618175552
2023-11-21,8.38,8.43,8.34,8.37,7624402.0,67130391.0,1695271857.0,0.0044974509359769314
2023-11-22,8.35,8.38,8.26,8.26,4474602.0,39089191.0,1695271857.0,0.0026394598491821714
2023-11-23,8.24,8.35,8.24,8.33,4471098.0,39000664.0,1695271857.0,0.002637392924054186
2023-11-24,8.33,8.38,8.21,8.21,5543900.0,48108847.0,1695271857.0,0.0032702129614837344
2023-11-27,8.22,8.28,8.19,8.27,5518160.0,47751845.0,1695271857.0,0.0032550295560058954
2023-11-28,8.25,8.33,8.23,8.31,4477160.0,38955540.0,1695271857.0,0.0026409687517156724
2023-11-29,8.33,8.33,8.24,8.25,4394954.0,38196076.0,1695271857.0,0.0025924774140812035
2023-11-30,8.25,8.3,8.17,8.2,5043300.0,43591059.0,1695271857.0,0.0029749210896031528
2023-12-01,8.19,8.31,8.18,8.28,5470803.0,47315253.0,1695271857.0,0.0032270948033557784
2023-12-04,8.28,8.35,8.27,8.27,5566200.0,48603429.0,1695271857.0,0.00328336719389072
2023-12-05,8.28,8.28,8.14,8.15,6488688.0,55913489.0,1695271857.0,0.0038275206263864736
2023-12-06,8.13,8.17,8.1,8.11,5898181.0,50356499.0,1695271857.0,0.0034791947826218177
2023-12-07,8.09,8.16,8.01,8.08,5645101.0,47768097.0,1695271857.0,0.0033299089916998485
2023-12-08,8.07,8.1,7.93,7.94,8973520.0,75530521.0,1695271857.0,0.005293263120570992
2023-12-11,7.94,8.08,7.85,8.05,8603536.0,72206623.0,1695271857.0,0.0050750184782899985
2023-12-12,8.04,8.15,8.02,8.11,6255668.0,53330617.0,1695271857.0,0.0036900677458718647
2023-12-13,8.09,8.15,8.05,8.08,5026052.0,42796154.0,1695271857.0,0.0029647469102060367
2023-12-14,8.11,8.14,8.03,8.04,5067349.0,43020783.0,1695271857.0,0.002989107014946453
2023-12-15,8.04,8.08,7.98,8.02,6889100.0,58095016.0,1695271857.0,0.004063714012330236
2023-12-18,8.02,8.03,7.83,7.87,8339801.0,69242367.0,1695271857.0,0.004919447559731419
2023-12-19,7.87,7.88,7.73,7.78,7131432.0,58311085.0,1695271857.0,0.004206659817157573
2023-12-20,7.78,7.8,7.61,7.62,7152700.0,57782760.0,1695271857.0,0.004219205297643303
2023-12-21,7.61,7.7,7.5,7.67,8886900.0,71140894.0,1695271857.0,0.0052421680707461895
2023-12-22,7.7,7.78,7.65,7.71,7433000.0,60199105.0,1695271857.0,0.0043845475103642916
2023-12-25,7.7,7.81,7.68,7.76,7851040.0,64074573.0,1695271857.0,0.004631139228544393
2023-12-26,7.78,7.79,7.62,7.67,5831241.0,47000336.0,1695271857.0,0.003439708490365153
2023-12-27,7.68,7.71,7.62,7.69,4196402.0,33760267.0,1695271857.0,0.0024753563758358314
2023-12-28,7.67,7.82,7.65,7.79,5888402.0,48030860.0,1695271857.0,0.0034734263862672026
2023-12-29,7.82,7.89,7.79,7.86,5070608.0,41868092.0,1695271857.0,0.0029910294204807293
2024-01-02,7.86,8.06,7.86,8.0,10812712.0,90949664.0,1695271857.0,0.00637815814339918
2024-01-03,7.98,8.01,7.94,7.99,5321704.0,44614314.0,1695271857.0,0.0031391448976316014
2024-01-04,7.98,8.02,7.95,7.97,7018600.0,58884080.0,1695271857.0,0.004140102940433582
2024-01-05,7.97,8.01,7.81,7.86,5795505.0,48103130.0,1695271857.0,0.003418628685463986
2024-01-08,7.82,7.83,7.62,7.62,8515062.0,68742861.0,1695271857.0,0.005022829798560149
2024-01-09,7.62,7.68,7.56,7.6,7957600.0,63572217.0,1695271857.0,0.004693996403669432
2024-01-10,7.59,7.62,7.47,7.51,5689375.0,45088259.0,1695271857.0,0.0033560251569728027
2024-01-11,7.49,7.67,7.49,7.64,6184521.0,49419862.0,1695271857.0,0.003648099845734654
2024-01-12,7.62,7.71,7.61,7.63,5081000.0,40849683.0,1695271857.0,0.002997159410757563
2024-01-15,7.62,7.62,7.51,7.53,6705887.0,53194662.0,1695271857.0,0.003955641080402835
2024-01-16,7.53,7.53,7.38,7.45,8134900.0,63647383.0,1695271857.0,0.004798581399443357
2024-01-17,7.43,7.48,7.34,7.34,5117800.0,39905329.0,1695271857.0,0.003018866843608553
2024-01-18,7.29,7.3,7.02,7.22,10659754.0,80014786.0,1695271857.0,0.006287931906605113
2024-01-19,7.22,7.22,7.11,7.12,5193175.0,39083120.0,1695271857.0,0.0030633287390200567
2024-01-22,7.12,7.16,6.73,6.76,9214374.0,67228234.0,1695271857.0,0.005435337088828933
2024-01-23,6.75,6.84,6.68,6.78,8024300.0,57176386.0,1695271857.0,0.004733341125711851
2024-01-24,6.81,6.95,6.7,6.93,11070058.0,79612568.0,1695271857.0,0.006529960344879364
2024-01-25,6.93,7.32,6.93,7.31,11272640.0,84841275.0,1695271857.0,0.006649458582972277
2024-01-26,7.32,7.44,7.27,7.36,8500812.0,65820735.0,1695271857.0,0.005014424067089318
2024-01-29,7.36,7.43,7.26,7.27,8138023.0,62656022.0,1695271857.0,0.004800423581856229
2024-01-30,7.22,7.36,7.16,7.18,7890543.0,59991825.0,1695271857.0,0.004654441095933323
2024-01-31,7.13,7.16,6.94,6.95,10483981.0,77349579.0,1695271857.0,0.006184247651319324
2024-02-01,6.93,7.01,6.77,6.85,9691957.0,70018938.0,1695271857.0,0.005717051787287471
2024-02-02,6.83,6.92,6.44,6.54,14023300.0,98292948.0,1695271857.0,0.008272006605958775
2024-02-05,6.5,6.65,6.03,6.43,17812360.0,118350957.0,1695271857.0,0.010507081755914503
2024-02-06,6.23,6.83,6.2,6.8,15034652.0,103301335.0,1695271857.0,0.008868578769782526
2024-02-07,6.83,7.4,6.83,7.31,28224721.0,215036344.0,1695271857.0,0.016649082495799373
2024-02-08,7.38,7.63,7.34,7.36,23369836.0,184434142.0,1695271857.0,0.013785302872517396
2024-02-19,7.42,7.44,7.21,7.27,17574424.0,135078832.0,1695271857.0,0.01036672904551143
2024-02-20,7.27,7.3,7.18,7.29,8666373.0,66031640.0,1695271857.0,0.005112084509758956
2024-02-21,7.23,7.44,7.2,7.27,11020855.0,85008989.0,1695271857.0,0.006500936681331341
2024-02-22,7.28,7.34,7.21,7.33,13118682.0,100309126.0,1695271857.0,0.007738394255665391
2024-02-23,7.33,7.42,7.28,7.41,11228767.0,86747207.0,1695271857.0,0.006623578957932291
2024-02-26,7.45,7.55,7.41,7.46,14586451.0,114532849.0,1695271857.0,0.008604195804803006
2024-02-27,7.43,7.54,7.4,7.54,12508226.0,98186335.0,1695271857.0,0.007378300977717463
2024-02-28,7.52,7.62,7.37,7.37,17676588.0,139763766.0,1695271857.0,0.010426993126212205
2024-02-29,7.31,7.6,7.29,7.6,14378059.0,113451783.0,1695271857.0,0.008481270387773564
2024-03-01,7.62,7.72,7.57,7.71,12807415.0,102999984.0,1695271857.0,0.007554785356175472
2024-03-04,7.67,7.7,7.59,7.62,12363000.0,99098074.0,1695271857.0,0.007292635661325675
2024-03-05,7.6,7.73,7.57,7.7,12218300.0,98681979.0,1695271857.0,0.007207280619653441
2024-03-06,7.63,7.7,7.61,7.67,10048100.0,80676096.0,1695271857.0,0.0059271319573377425
2024-03-07,7.63,7.81,7.6,7.62,13952329.0,112622292.0,1695271857.0,0.008230142523978677
2024-03-08,7.57,7.63,7.48,7.58,10369200.0,82205465.0,1695271857.0,0.006116541106480481
2024-03-11,7.57,7.64,7.56,7.63,8531000.0,68257009.0,1695271857.0,0.005032231240537841
2024-03-12,7.63,7.68,7.58,7.64,11403755.0,91489814.0,1695271857.0,0.006726800160642318
2024-03-13,7.66,7.7,7.55,7.59,11865426.0,95027015.0,1695271857.0,0.006999128753896373
2024-03-14,7.57,7.63,7.45,7.49,11299585.0,89497897.0,1695271857.0,0.006665352788900807
2024-03-15,7.49,7.56,7.42,7.53,8004310.0,62799240.0,1695271857.0,0.0047215495066169795
2024-03-18,7.53,7.61,7.53,7.6,12041744.0,95898578.0,1695271857.0,0.007103134491543677
2024-03-19,7.61,7.62,7.56,7.57,11855734.0,94495519.0,1695271857.0,0.006993411676744422
2024-03-20,7.57,7.6,7.54,7.6,8055230.0,64082598.0,1695271857.0,0.004751585987072751
2024-03-21,7.59,7.68,7.55,7.68,13916300.0,111514154.0,1695271857.0,0.008208889885440952
2024-03-22,7.65,7.65,7.47,7.5,11037910.0,87401790.0,1695271857.0,0.006510997014681168
2024-03-25,7.45,7.55,7.34,7.35,8935200.0,70092665.0,1695271857.0,0.005270659076363113
2024-03-26,7.32,7.38,7.22,7.31,8531900.0,65494998.0,1695271857.0,0.005032762128841262
2024-03-27,7.3,7.3,7.04,7.06,9184202.0,69454416.0,1695271857.0,0.005417539353394693
2024-03-28,7.09,7.34,7.07,7.29,9815734.0,74783607.0,1695271857.0,0.005790064855656953
2024-03-29,7.33,7.43,7.26,7.43,9035802.0,69752756.0,1695271857.0,0.005330001770919506
2024-04-01,7.42,7.61,7.42,7.6,12026157.0,95547360.0,1695271857.0,0.007093940096004319
2024-04-02,7.6,7.67,7.57,7.61,11994335.0,96082577.0,1695271857.0,0.00707516906534714
2024-04-03,7.58,7.62,7.53,7.53,12584160.0,100236788.0,1695271857.0,0.007423092613752981
2024-04-08,7.54,7.56,7.41,7.41,9007563.0,70842186.0,1695271857.0,0.005313344265585835
2024-04-09,7.41,7.47,7.37,7.42,6814466.0,53088965.0,1695271857.0,0.004019689214955215
2024-04-10,7.39,7.44,7.22,7.29,7843117.0,60281037.0,1695271857.0,0.00462646564184661
2024-04-11,7.3,7.49,7.23,7.38,8346281.0,64803600.0,1695271857.0,0.004923269955516049
2024-04-12,7.35,7.48,7.34,7.36,7445998.0,58010783.0,1695271857.0,0.004392214717217476
2024-04-15,7.42,7.59,7.28,7.51,15134510.0,118890356.0,1695271857.0,0.008927482596674759
2024-04-16,7.5,7.51,7.17,7.19,16492377.0,127351612.0,1695271857.0,0.009728455605453963
2024-04-17,7.22,7.42,7.22,7.4,16472000.0,127283860.0,1695271857.0,0.009716435704388621
2024-04-18,7.4,7.49,7.35,7.39,14719289.0,114731244.0,1695271857.0,0.008682553738636151
2024-04-19,7.35,7.55,7.33,7.55,14870492.0,116739657.0,1695271857.0,0.008771744743238547
2024-04-22,7.59,7.69,7.51,7.51,18992374.0,151697871.0,1695271857.0,0.011203143567551125
2024-04-23,7.49,7.65,7.48,7.57,16654906.0,132612008.0,1695271857.0,0.009824327544416965
2024-04-24,7.55,7.63,7.46,7.62,11983016.0,95313184.0,1695271857.0,0.007068492260117782
2024-04-25,7.62,7.65,7.5,7.53,11589400.0,92230054.0,1695271857.0,0.0068363076707407405
2024-04-26,7.44,7.6,7.42,7.58,14180528.0,112251274.0,1695271857.0,0.008364751612814629
2024-04-29,7.54,7.68,7.54,7.65,16226887.0,129948915.0,1695271857.0,0.009571849454703713
2024-04-30,7.66,7.71,7.56,7.62,14322249.0,114593599.0,1695271857.0,0.00844834941420254
2024-05-06,7.66,7.74,7.63,7.69,16500607.0,133159366.0,1695271857.0,0.009733310284050802
2024-05-07,7.71,7.78,7.64,7.77,17150741.0,139359334.0,1695271857.0,0.01011680865766888
2024-05-08,7.75,7.82,7.68,7.68,12449268.0,101324174.0,1695271857.0,0.00734352307483625
2024-05-09,7.66,7.8,7.66,7.8,12490117.0,101755815.0,1695271857.0,0.007367618915176741
2024-05-10,7.78,7.82,7.71,7.79,11140653.0,90856357.0,1695271857.0,0.00657160263352381
2024-05-13,7.73,7.81,7.66,7.74,12310500.0,100088345.0,1695271857.0,0.0072616671769594535
2024-05-14,7.72,7.8,7.71,7.72,8055200.0,65634082.0,1695271857.0,0.00475156829079597
2024-05-15,7.72,7.74,7.67,7.68,8132300.0,65853074.0,1695271857.0,0.004797047722122364
2024-05-16,7.7,7.73,7.62,7.62,8367400.0,67477559.0,1695271857.0,0.004935727544493768
2024-05-17,7.64,7.71,7.62,7.71,8270836.0,66575110.0,1695271857.0,0.004878766768792057
2024-05-20,7.71,7.83,7.7,7.8,13038600.0,106599910.0,1695271857.0,0.007691155814426995
2024-05-21,7.79,7.81,7.71,7.72,10183100.0,83076878.0,1695271857.0,0.006006765202850884
2024-05-22,7.73,7.74,7.64,7.69,9606100.0,77525093.0,1695271857.0,0.005666406812768791
2024-05-23,7.67,7.81,7.6,7.61,14032357.0,113185705.0,1695271857.0,0.008277349111918868
2024-05-24,7.56,7.63,7.54,7.54,9712215.0,77357674.0,1695271857.0,0.0057290014931215836
2024-05-27,7.55,7.59,7.39,7.49,10681446.0,83709056.0,1695271857.0,0.006300727494469343
2024-05-28,7.49,7.49,7.38,7.39,12303130.0,96034524.0,1695271857.0,0.007257319791630328
2024-05-29,7.42,7.47,7.37,7.41,7655300.0,59690363.0,1695271857.0,0.004515676921309265
2024-05-30,7.4,7.47,7.34,7.42,7265900.0,56684560.0,1695271857.0,0.004285979248695804
2024-05-31,7.44,7.56,7.43,7.52,9870563.0,77823073.0,1695271857.0,0.00582240716097725
2024-06-03,7.53,7.6,7.41,7.44,10705554.0,84349705.0,1695271857.0,0.006314948222490312
2024-06-04,7.47,7.48,7.39,7.47,7278709.0,56865912.0,1695271857.0,0.004293534969005269
2024-06-05,7.43,7.62,7.43,7.45,12272504.0,97217819.0,1695271857.0,0.0072392542525408065
2024-06-06,7.5,7.5,7.23,7.26,14434838.0,111205778.0,1695271857.0,0.008514762951084606
2024-06-07,7.31,7.4,7.28,7.34,9160210.0,70609982.0,1695271857.0,0.005403387050977276
2024-06-11,7.28,7.37,7.26,7.34,8100050.0,62177364.0,1695271857.0,0.004778024224583114
2024-06-12,7.32,7.44,7.3,7.42,9040969.0,70277446.0,1695271857.0,0.005333049659657035
2024-06-13,7.42,7.45,7.33,7.39,8687900.0,67414617.0,1695271857.0,0.005124782768100892
2024-06-14,7.34,7.41,7.29,7.4,10845604.0,83720941.0,1695271857.0,0.006397560341261537
2024-06-17,7.34,7.39,7.2,7.21,16433638.0,125866092.0,1695271857.0,0.00969380688539325
2024-06-18,7.24,7.29,7.2,7.27,7363111.0,56166469.0,1695271857.0,0.0043433216741000855
2024-06-19,7.29,7.29,7.2,7.21,5592144.0,42475435.0,1698676887.0,0.00329205868567281
2024-06-20,7.19,7.2,6.99,7.02,9759582.0,72428672.0,1698676887.0,0.005745402244941477
2024-06-21,7.0,7.04,6.97,6.97,5641050.0,41494784.0,1698676887.0,0.003320849328775261
2024-06-24,6.94,6.95,6.78,6.79,9612765.0,69084402.0,1698676887.0,0.00565897203498007
2024-06-25,6.83,6.88,6.72,6.76,7365318.0,52595926.0,1698676887.0,0.004335914650023727
2024-06-26,6.75,6.85,6.71,6.84,5915192.0,42133076.0,1698676887.0,0.003482234935477756
2024-06-27,6.83,6.83,6.7,6.73,7436825.0,52697644.0,1698676887.0,0.0043780103543611705
2024-06-28,6.73,6.91,6.71,6.85,11243692.0,81000057.0,1698676887.0,0.006619088118551648
2024-07-01,6.85,6.92,6.8,6.91,7334207.0,52915807.0,1698676887.0,0.0043175998073140326
2024-07-02,6.88,6.93,6.85,6.88,5818392.0,42117045.0,1698676887.0,0.003425249407069845
2024-07-03,6.88,6.88,6.83,6.86,4947100.0,35595246.0,1698676887.0,0.002912325491598921
2024-07-04,6.86,6.88,6.69,6.71,8152601.0,57783109.0,1698676887.0,0.004799383015329154
2024-07-05,6.7,6.77,6.63,6.75,7456138.0,52511637.0,1698676887.0,0.004389379791449414
2024-07-08,6.75,6.76,6.61,6.69,11958559.0,83801853.0,1698676887.0,0.007039925657150594
2024-07-09,6.66,6.69,6.52,6.68,14444461.0,100398193.0,1698676887.0,0.008503359944756816
2024-07-10,6.64,6.71,6.62,6.65,8546559.0,59784633.0,1698676887.0,0.005031303519466795
2024-07-11,6.78,6.9,6.74,6.89,12269763.0,84944666.0,1698676887.0,0.007223129421434225
2024-07-12,6.88,6.94,6.85,6.89,6122700.0,42796133.0,1698676887.0,0.0036043935411478874
2024-07-15,6.87,6.92,6.73,6.75,11150965.0,76802606.0,1698676887.0,0.006564500338668586
2024-07-16,6.76,6.79,6.72,6.76,5696413.0,38979676.0,1698676887.0,0.0033534411656476492
2024-07-17,6.77,6.78,6.7,6.76,7827700.0,53420114.0,1698913437.0,0.004607474300646196
2024-07-18,6.72,6.94,6.65,6.92,10220266.0,70478108.0,1698913437.0,0.006015766181735132
2024-07-19,6.89,7.03,6.87,6.99,9831169.0,69122902.0,1698913437.0,0.005786739209832973
2024-07-22,6.95,7.02,6.93,6.95,9264217.0,65392748.0,1698913437.0,0.005453024738187411
2024-07-23,6.94,7.0,6.87,6.87,7845900.0,55220767.0,1698913437.0,0.004618187030090574
2024-07-24,6.87,7.02,6.86,6.93,9066971.0,63611280.0,1698913437.0,0.005336923472693682
2024-07-25,6.93,7.0,6.87,6.95,7561845.0,53142468.0,1698913437.0,0.004450988988204701
2024-07-26,6.94,7.14,6.94,7.11,12394900.0,88735138.0,1698913437.0,0.00729578077967724
2024-07-29,7.12,7.32,7.11,7.2,15166409.0,111002056.0,1698913437.0,0.008927122871416785
2024-07-30,7.2,7.29,7.16,7.27,10118127.0,74071344.0,1698913437.0,0.0059556459909263755
2024-07-31,7.25,7.4,7.25,7.38,13547950.0,100901912.0,1698913437.0,0.007974479278899247
2024-08-01,7.39,7.53,7.37,7.43,13012169.0,98218660.0,1698913437.0,0.00765911241656746
2024-08-02,7.4,7.59,7.36,7.5,14010769.0,106622472.0,1698913437.0,0.008246899868389234
2024-08-05,7.45,7.6,7.36,7.37,14702080.0,111589348.0,1698913437.0,0.00865381347854982
2024-08-06,7.38,7.6,7.38,7.55,11612617.0,88560156.0,1698913437.0,0.006835320003416984
2024-08-07,7.51,7.64,7.5,7.57,10863696.0,83418140.0,1698913437.0,0.006394496484284385
2024-08-08,7.54,7.6,7.44,7.54,10618409.0,81031197.0,1698913437.0,0.006250117733338052
2024-08-09,7.53,7.58,7.44,7.46,6686616.0,50775974.0,1698913437.0,0.003935819126728115
2024-08-12,7.45,7.5,7.4,7.43,6935938.0,52298098.0,1698913437.0,0.004082572925108956
2024-08-13,7.43,7.52,7.4,7.52,7380691.0,55758155.0,1698913437.0,0.004344359659096628
2024-08-14,7.5,7.52,7.37,7.38,5925300.0,44566889.0,1698913437.0,0.003487699767954687
2024-08-15,7.35,7.48,7.34,7.39,6027200.0,45226870.0,1698913437.0,0.0035476792806130473
2024-08-16,7.42,7.42,7.34,7.38,5696400.0,42633579.0,1698913437.0,0.003352966593788851
2024-08-19,7.36,7.49,7.36,7.41,6290091.0,47368882.0,1698913437.0,0.00370241994854503
2024-08-20,7.39,7.42,7.26,7.28,6342900.0,46947864.0,1698913437.0,0.003733503933667457
2024-08-21,7.26,7.36,7.25,7.32,6041593.0,44832067.0,1698913437.0,0.0035561511660467254
2024-08-22,7.27,7.28,6.84,6.87,22318412.0,157629863.0,1698913437.0,0.013136874141987259
2024-08-23,6.82,6.89,6.68,6.76,12139500.0,83329293.0,1698913437.0,0.007145449400551183
2024-08-26,6.74,6.76,6.61,6.66,13093879.0,88332101.0,1698913437.0,0.007707207862880656
2024-08-27,6.65,6.65,6.51,6.55,11239779.0,74686103.0,1698913437.0,0.006615863266022305
2024-08-28,6.53,6.58,6.51,6.55,9973080.0,66061336.0,1698913437.0,0.0058702696575352355
2024-08-29,6.53,6.62,6.49,6.56,9682502.0,64411565.0,1698913437.0,0.005699232102783116
2024-08-30,6.57,6.74,6.54,6.64,12166800.0,82005230.0,1698913437.0,0.007161518494717751
2024-09-02,6.63,6.64,6.53,6.53,13200632.0,87887634.0,1698913437.0,0.007770043907187015
2024-09-03,6.55,6.61,6.54,6.57,6757804.0,45011913.0,1698913437.0,0.003977721202754841
2024-09-04,6.55,6.59,6.53,6.54,6418500.0,42600157.0,1698913437.0,0.003778002963667183
2024-09-05,6.54,6.6,6.54,6.57,5277700.0,35112071.0,1698913437.0,0.003106514955417355
2024-09-06,6.58,6.62,6.55,6.56,8611128.0,57435565.0,1698913437.0,0.005068609037083035
2024-09-09,6.55,6.56,6.49,6.53,7864094.0,52001509.0,1698913437.0,0.004628896227865905
2024-09-10,6.55,6.56,6.36,6.49,8650086.0,56645604.0,1698913437.0,0.005091540164209084
2024-09-11,6.49,6.49,6.4,6.42,5539377.0,36066775.0,1698913437.0,0.0032605410489787066
2024-09-12,6.43,6.52,6.43,6.43,5263691.0,34473985.0,1698913437.0,0.0030982690968027232
2024-09-13,6.47,6.47,6.4,6.41,6242000.0,40587740.0,1698913437.0,0.00367411303251703
2024-09-18,6.41,6.44,6.31,6.42,6143014.0,39628434.0,1698913437.0,0.003615848733792786
2024-09-19,6.45,6.55,6.38,6.55,7458710.0,49092615.0,1698913437.0,0.004390282540334043
2024-09-20,6.51,6.55,6.45,6.51,5172900.0,34004923.0,1698913437.0,0.003044828469385989
2024-09-23,6.51,6.55,6.48,6.52,5589128.0,36937646.0,1698913437.0,0.0032898250601098755
2024-09-24,6.53,6.7,6.53,6.7,12313382.0,82909279.0,1698913437.0,0.007247798346773568
2024-09-25,6.71,6.92,6.71,6.78,15872045.0,109771764.0,1698913437.0,0.00934246834142851
2024-09-26,6.79,6.94,6.74,6.94,16629193.0,115706838.0,1698913437.0,0.009788134367436873
2024-09-27,7.01,7.21,7.0,7.2,14468800.0,104119474.0,1698913437.0,0.008516502185979238
2024-09-30,7.5,7.84,7.35,7.8,36452121.0,281262864.0,1698913437.0,0.02145613790916176
2024-10-08,8.58,8.58,7.88,8.27,48388229.0,405073066.0,1698913437.0,0.02848186843789146
2024-10-09,8.19,8.19,7.75,7.78,33220907.0,266688341.0,1698913437.0,0.019554208164167933
2024-10-10,7.89,8.01,7.67,7.86,22559966.0,179601349.0,1698913437.0,0.013279055606174478
2024-10-11,7.85,7.85,7.45,7.52,17579409.0,135588297.0,1698913437.0,0.010347442440058823
2024-10-14,7.63,7.83,7.55,7.75,19485328.0,152272419.0,1698913437.0,0.011469288296646746
2024-10-15,7.73,7.88,7.61,7.76,20044812.0,157867892.0,1698913437.0,0.011798607017551066
2024-10-16,7.65,7.81,7.62,7.68,14429300.0,112579875.0,1698913437.0,0.008493252031415889
2024-10-17,7.67,7.76,7.58,7.6,12669127.0,98486949.0,1698913437.0,0.00745719394766315
2024-10-18,7.59,7.87,7.49,7.76,21809314.0,169682686.0,1698913437.0,0.012837213200521646
2024-10-21,7.85,7.95,7.77,7.87,19650335.0,156652426.0,1698913437.0,0.011566413315736226
2024-10-22,7.87,7.87,7.76,7.81,15112600.0,119363506.0,1698913437.0,0.008895450274786425
2024-10-23,7.8,8.02,7.79,7.92,21602610.0,173274839.0,1698913437.0,0.012715544847385888
2024-10-24,7.87,7.91,7.8,7.82,12014697.0,95312730.0,1698913437.0,0.007071988918526636
2024-10-25,7.78,7.85,7.75,7.84,15269077.0,120709539.0,1698913437.0,0.008987554437713239
2024-10-28,7.88,8.01,7.86,7.97,22594057.0,181530896.0,1698913437.0,0.013299121961091417
2024-10-29,7.98,8.02,7.82,7.82,18425400.0,147245105.0,1698913437.0,0.010845402478266467
2024-10-30,7.82,7.95,7.8,7.88,14722836.0,117493453.0,1698913437.0,0.008666030699008474
2024-10-31,7.91,7.95,7.83,7.94,15254961.0,122163315.0,1698913437.0,0.008979245597667258
2024-11-01,7.91,7.97,7.72,7.84,18285602.0,145109494.0,1698913437.0,0.010763115766680466
2024-11-04,7.83,7.95,7.81,7.94,14046417.0,112352542.0,1698913437.0,0.008267882691424025
2024-11-05,7.96,8.19,7.95,8.19,27421484.0,225548260.0,1698913437.0,0.01614060104699731
2024-11-06,8.21,8.26,8.09,8.18,25654654.0,212377137.0,1698913437.0,0.015100624576436263
2024-11-07,8.1,8.19,8.03,8.17,25207720.0,207072571.0,1698913437.0,0.01483755408074979
2024-11-08,8.2,8.25,8.1,8.22,30171198.0,250248818.0,1698913437.0,0.017759114350921458
2024-11-11,8.24,8.32,8.15,8.3,28706517.0,239927975.0,1698913437.0,0.016896986258870823
2024-11-12,8.31,8.32,8.08,8.13,24800838.0,206313726.0,1698913437.0,0.014598058653179044
2024-11-13,8.11,8.18,8.01,8.1,14720424.0,120371288.0,1698913437.0,0.00866461096805134
2024-11-14,8.08,8.1,7.9,7.92,15988895.0,129230449.0,1698913437.0,0.009411247596130467
2024-11-15,7.88,7.97,7.83,7.83,12652613.0,101295005.0,1698913437.0,0.007447473617221146
2024-11-18,7.86,7.99,7.8,7.85,14689410.0,117419536.0,1698913437.0,0.00864635577074431
2024-11-19,7.88,7.93,7.79,7.89,12015000.0,95523910.0,1698913437.0,0.0070721672678135394
2024-11-20,7.9,7.99,7.86,7.97,11267550.0,90591747.0,1698913437.0,0.006632209596209109
2024-11-21,7.95,7.98,7.85,7.94,9291657.0,74503633.0,1698913437.0,0.0054691762379650895
2024-11-22,7.94,7.94,7.7,7.71,16163317.0,128315592.0,1698913437.0,0.009513914392567135
2024-11-25,7.71,7.72,7.58,7.67,11419360.0,88501627.0,1698913437.0,0.0067215667092284
2024-11-26,7.67,7.69,7.59,7.63,10548573.0,81536630.0,1698913437.0,0.006209011460070052
2024-11-27,7.61,7.7,7.48,7.69,11236133.0,86547102.0,1698913437.0,0.006613717188464382
2024-11-28,7.7,7.73,7.63,7.65,10474003.0,81480310.0,1698913437.0,0.0061651186999234974
2024-11-29,7.65,7.74,7.61,7.71,10005638.0,77939363.0,1698913437.0,0.005889433671010514
2024-12-02,7.72,7.81,7.72,7.79,13772260.0,108383239.0,1698913437.0,0.00810651072624367
2024-12-03,7.79,7.82,7.72,7.78,10152945.0,79818832.0,1698913437.0,0.005976140266409583
2024-12-04,7.77,7.82,7.7,7.72,11422360.0,89654124.0,1698913437.0,0.006723332543752198
2024-12-05,7.74,7.87,7.7,7.8,13584205.0,106907856.0,1698913437.0,0.007995819389119353
2024-12-06,7.85,7.91,7.8,7.88,16013158.0,127513664.0,1698913437.0,0.009425529077147443
2024-12-09,8.05,8.67,7.99,8.67,53400985.0,459269621.0,1698913437.0,0.031432434305951044
2024-12-10,8.89,9.54,8.68,8.72,130167374.0,1185045541.0,1698913437.0,0.07661801429380301
2024-12-11,8.64,9.21,8.57,8.96,94684596.0,859346761.0,1698913437.0,0.05573244282957543
2024-12-12,8.97,9.16,8.8,9.02,71138644.0,644529926.0,1698913437.0,0.04187302451714024
2024-12-13,8.89,9.07,8.76,8.76,63111939.0,567096139.0,1698913437.0,0.03714841358335787
2024-12-16,8.7,8.77,8.44,8.54,42595249.0,369537016.0,1698913437.0,0.02507205374466645
2024-12-17,8.54,8.62,8.39,8.41,26544738.0,227841044.0,1698913437.0,0.015624538261863191
2024-12-18,8.48,8.56,8.41,8.44,19649415.0,168737564.0,1698913437.0,0.011565871793148929
2024-12-19,8.33,8.51,8.27,8.41,19246905.0,163537977.0,1698913437.0,0.011328949775090866
2024-12-20,8.43,8.5,8.35,8.42,17869400.0,152308557.0,1698913437.0,0.010518134479855785
2024-12-23,8.43,8.58,8.3,8.34,27425800.0,234503362.0,1698913437.0,0.01614314149426555
2024-12-24,8.49,8.84,8.45,8.66,42755144.0,374307909.0,1698913437.0,0.02516616978172738
2024-12-25,8.59,8.63,8.38,8.48,24208316.0,207725646.0,1698913437.0,0.01424929338527564
2024-12-26,8.52,8.56,8.44,8.45,17895267.0,152476293.0,1698913437.0,0.010533360093731485
2024-12-27,8.52,8.92,8.47,8.82,41892055.0,366854915.0,1698913437.0,0.024658145663957097
2024-12-30,8.87,8.92,8.65,8.72,24172759.0,211774049.0,1698913437.0,0.01422836412588807
2024-12-31,8.69,8.76,8.45,8.47,21126695.0,181906128.0,1698913437.0,0.012435415801588013
2025-01-02,8.37,8.4,7.98,8.06,26727709.0,219999614.0,1698913437.0,0.015732237098081178
2025-01-03,8.08,8.12,7.82,7.84,18325309.0,146428117.0,1698913437.0,0.010786487763825956
2025-01-06,7.85,8.0,7.81,7.86,12064800.0,95472485.0,1698913437.0,0.007101480120908597
2025-01-07,7.87,7.92,7.82,7.9,10692200.0,84466220.0,1698913437.0,0.006293551965119927
2025-01-08,7.86,7.89,7.61,7.78,15474071.0,120434774.0,1698913437.0,0.009108216265170431
2025-01-09,7.78,7.89,7.68,7.79,13382600.0,104678251.0,1698913437.0,0.007877152366062545
2025-01-10,7.77,8.57,7.77,8.57,72945445.0,613003241.0,1698913437.0,0.04293652837828488
2025-01-13,8.35,9.22,8.34,8.85,102339859.0,899288871.0,1698913437.0,0.0602384187276282
2025-01-14,8.67,9.43,8.66,9.15,92380074.0,835474477.0,1698913437.0,0.054375974660090934
2025-01-15,9.12,9.45,9.02,9.15,74546356.0,691387236.0,1698913437.0,0.04387884301606121
2025-01-16,9.15,9.2,8.8,8.91,52290013.0,471630201.0,1698913437.0,0.03077850340175984
2025-01-17,8.96,9.03,8.75,8.98,34907308.0,311521422.0,1698913437.0,0.020546843199757445
2025-01-20,8.97,9.23,8.92,8.98,34927700.0,316687477.0,1698913437.0,0.020558846165627212
2025-01-21,8.98,9.08,8.85,8.98,23472515.0,211153512.0,1698913437.0,0.013816192449127119
2025-01-22,8.92,8.96,8.64,8.67,24709900.0,216947475.0,1698913437.0,0.014544531499870644
2025-01-23,8.73,9.05,8.73,8.78,31471192.0,281178610.0,1698913437.0,0.018524305779565153
2025-01-24,8.72,8.85,8.71,8.78,19491400.0,171627818.0,1698913437.0,0.011472862345722916
2025-01-27,8.85,8.91,8.66,8.66,17566700.0,153979472.0,1698913437.0,0.010339961776404503
2025-02-05,8.79,8.93,8.71,8.83,19930375.0,176733201.0,1698913437.0,0.011731248082417751
2025-02-06,8.85,9.71,8.84,9.71,65535454.0,620086678.0,1698913437.0,0.038574922402005815
2025-02-07,9.98,10.14,9.72,9.93,95645877.0,952347897.0,1698913437.0,0.05629826388853266
2025-02-10,10.13,10.27,9.87,10.15,62370700.0,630962700.0,1698913437.0,0.03671211177782921
2025-02-11,10.06,10.23,9.92,10.01,43258607.0,436736180.0,1698913437.0,0.02546251389734579
2025-02-12,9.91,10.34,9.87,10.04,36868860.0,374134354.0,1698913437.0,0.0217014352803662
2025-02-13,9.96,10.1,9.66,9.66,39534856.0,389560175.0,1698913437.0,0.023270671206069224
2025-02-14,9.66,9.91,9.61,9.85,28560700.0,279297192.0,1698913437.0,0.01681115669461857
2025-02-17,9.78,10.08,9.7,9.8,24924135.0,246736085.0,1698913437.0,0.014670632686272644
2025-02-18,9.75,10.69,9.74,10.26,73729364.0,767983533.0,1698913437.0,0.043397952122972115
2025-02-19,10.16,10.69,10.16,10.61,55347081.0,583639456.0,1698913437.0,0.03257792880709319
2025-02-20,10.53,10.82,10.31,10.64,41399164.0,438189656.0,1698913437.0,0.024368024349200552
2025-02-21,10.61,10.78,10.44,10.58,25661567.0,272373074.0,1698913437.0,0.015104693647790603
2025-02-24,10.46,10.7,10.29,10.4,28665701.0,301302900.0,1698913437.0,0.016872961491563032
2025-02-25,10.31,10.55,10.22,10.37,21422298.0,223617755.0,1698913437.0,0.012609411129167495
2025-02-26,10.37,10.62,10.33,10.58,33707766.0,355261150.0,1698913437.0,0.019840778974308623
2025-02-27,10.61,10.64,9.85,10.0,47422712.0,481800529.0,1698913437.0,0.02791355402058663
2025-02-28,9.9,9.97,9.5,9.53,31662154.0,307957513.0,1698913437.0,0.018636708210343033
2025-03-03,9.51,9.79,9.51,9.57,16388470.0,158626177.0,1698913437.0,0.009646442039412747
2025-03-04,9.66,10.47,9.61,10.12,39527431.0,403096853.0,1698913437.0,0.023266300765622822
2025-03-05,9.96,10.43,9.95,10.1,26682862.0,269934160.0,1698913437.0,0.01570583963778491
2025-03-06,10.17,10.19,9.89,10.02,26438181.0,265431912.0,1698913437.0,0.015561817585412387
2025-03-07,9.99,10.23,9.93,10.1,23986901.0,242998966.0,1698913437.0,0.01411896596824668
2025-03-10,10.34,10.34,10.03,10.04,22670100.0,230691821.0,1698913437.0,0.013343881745989158
2025-03-11,9.94,11.05,9.83,11.05,48769416.0,525055774.0,1698913437.0,0.02870623949276587
2025-03-12,11.83,12.15,11.51,12.15,76204773.0,917538082.0,1698913437.0,0.044855006347212734
2025-03-13,12.75,13.35,12.32,13.15,162837425.0,2082175569.0,1698913437.0,0.09584798227715707
2025-03-14,12.5,12.53,11.83,11.83,149743270.0,1796841624.0,1698913437.0,0.08814061195750023
2025-03-17,11.75,12.32,11.66,11.87,96936976.0,1165014160.0,1698913437.0,0.05705821961781329
2025-03-18,11.75,12.11,11.52,11.62,70996542.0,834527761.0,1698913437.0,0.04178938164463997
2025-03-19,11.54,11.73,11.37,11.57,53908842.0,625184846.0,1698913437.0,0.031731364780535315
2025-03-20,11.55,12.08,11.5,11.94,77100371.0,915646582.0,1698913437.0,0.0453821656364944
2025-03-21,11.75,11.9,11.3,11.33,53738569.0,622329003.0,1698913437.0,0.031631140133245056
2025-03-24,11.26,11.43,10.89,11.1,40808974.0,454154078.0,1698913437.0,0.024020631723333647
2025-03-25,11.1,11.25,10.96,11.01,31564038.0,351836402.0,1698913437.0,0.01857895600363069
2025-03-26,11.05,11.28,10.98,11.11,29981720.0,335175523.0,1698913437.0,0.017647585419621352
2025-03-27,11.07,11.87,10.84,11.55,66137796.0,762431044.0,1698913437.0,0.038929467834917124
2025-03-28,11.51,11.62,11.11,11.13,40712620.0,463328596.0,1698913437.0,0.023963916650098283
2025-03-31,10.96,10.96,10.34,10.7,44392223.0,473077076.0,1698913437.0,0.026129773320522628
2025-04-01,10.77,10.91,10.68,10.7,23859100.0,258328041.0,1698913437.0,0.01404374082892135
2025-04-02,10.66,11.1,10.57,10.82,25787644.0,281420704.0,1698913437.0,0.015178904020876256
2025-04-03,10.57,11.01,10.56,10.92,20650872.0,224535071.0,1698913437.0,0.012155340908048866
2025-04-07,10.24,10.64,9.82,9.82,26715300.0,270652302.0,1698913437.0,0.01572493301787924
2025-04-08,9.76,10.11,9.66,9.86,33493900.0,331204956.0,1698913437.0,0.019714894985553053
2025-04-09,9.7,10.85,9.54,10.85,37483100.0,391791896.0,1698913437.0,0.02206298401299889
2025-04-10,11.1,11.53,11.02,11.26,73948056.0,839387522.0,1698913437.0,0.04352667675086497
2025-04-11,11.04,11.5,11.04,11.33,48124405.0,545446641.0,1698913437.0,0.028326578595422574
2025-04-14,11.34,11.55,11.24,11.52,40553636.0,463326976.0,1698913437.0,0.023870336838121082
2025-04-15,11.4,11.48,11.1,11.3,28142700.0,317014408.0,1698913437.0,0.01656511708430263
2025-04-16,11.27,11.36,10.85,10.96,27780020.0,306764952.0,1698913437.0,0.016351639462605535
2025-04-17,10.77,11.46,10.76,11.11,41458671.0,467982505.0,1698913437.0,0.024403050854203114
2025-04-18,11.11,11.63,11.11,11.21,25415500.0,289418750.0,1698913437.0,0.014959855779868083
2025-04-21,11.21,11.58,11.01,11.51,35714203.0,408435369.0,1698913437.0,0.021021790882450948
2025-04-22,11.4,11.53,11.26,11.46,26932100.0,308080484.0,1698913437.0,0.015852543992799086
2025-04-23,11.48,11.52,11.2,11.26,25694000.0,291523140.0,1698913437.0,0.01512378408482739
2025-04-24,11.24,11.25,10.95,11.02,19739000.0,219064899.0,1698913437.0,0.011618602555087097
2025-04-25,11.04,11.14,10.85,10.99,14618989.0,161033676.0,1698913437.0,0.008604905159744169
2025-04-28,11.29,11.64,11.12,11.15,33799745.0,385330073.0,1698913437.0,0.01989491887219678
2025-04-29,11.07,11.31,11.06,11.18,19701700.0,221031704.0,1698913437.0,0.0115966473458412
2025-04-30,11.27,11.51,11.19,11.39,30960804.0,353440595.0,1698913437.0,0.01822388552925431
2025-05-06,11.4,11.8,11.39,11.77,47004415.0,546543055.0,1698913437.0,0.02766733959265283
2025-05-07,11.99,12.95,11.79,12.63,117740122.0,1483532143.0,1698913437.0,0.06930319075462113
2025-05-08,12.6,13.02,12.41,12.74,104749177.0,1334668839.0,1698913437.0,0.06165657102869803
2025-05-09,12.74,12.76,12.18,12.28,61562167.0,762578648.0,1698913437.0,0.036236199949485716
2025-05-12,11.95,12.82,11.74,12.47,95116587.0,1177707796.0,1698913437.0,0.05598671770349886
2025-05-13,12.37,12.38,11.7,11.74,72136136.0,864740031.0,1698913437.0,0.04246015978741123
2025-05-14,11.75,12.01,11.65,11.73,36183186.0,427155168.0,1698913437.0,0.02129783967327583
2025-05-15,11.65,11.68,11.36,11.46,29448736.0,339201333.0,1698913437.0,0.017333864903677255
2025-05-16,11.42,11.67,11.42,11.49,22327900.0,258516117.0,1698913437.0,0.013142458887974526
2025-05-19,11.49,11.66,11.27,11.64,31312091.0,362038802.0,1698913437.0,0.018430657100041523
2025-05-20,11.56,11.75,11.5,11.69,25176618.0,294928917.0,1698913437.0,0.014819247085630061
2025-05-21,11.6,11.65,11.47,11.48,17807500.0,205734570.0,1698913437.0,0.010481699427514741
2025-05-22,11.44,12.45,11.44,12.07,76362706.0,925921908.0,1698913437.0,0.04494796752849509
2025-05-23,11.85,12.06,11.71,11.75,35531000.0,423324212.0,1698913437.0,0.02091395548836312
2025-05-26,11.74,11.85,11.59,11.78,23170565.0,272470117.0,1698913437.0,0.013638461204306786
2025-05-27,11.78,12.15,11.73,12.02,38994175.0,468429203.0,1698913437.0,0.022952420147348565
2025-05-28,12.07,12.43,11.95,12.28,41952381.0,514953117.0,1698913437.0,0.024693654241784657
2025-05-29,12.35,12.35,11.98,12.21,33038762.0,404062297.0,1698913437.0,0.019446995521055496
2025-05-30,12.15,12.7,11.96,12.45,40536642.0,503129705.0,1698913437.0,0.02386033397415527
2025-06-03,12.46,12.61,12.25,12.32,30217066.0,376031393.0,1698913437.0,0.017786112783567325
2025-06-04,12.24,12.31,12.08,12.12,29273800.0,356912721.0,1698913437.0,0.01723089556092551
2025-06-05,12.09,12.42,11.8,12.14,25368787.0,307682590.0,1698913437.0,0.014932359970498015
2025-06-06,12.12,12.51,12.01,12.04,27643414.0,339093495.0,1698913437.0,0.016271231598952853
2025-06-09,12.07,12.83,12.03,12.55,58911894.0,741707346.0,1698913437.0,0.03467621876252192
2025-06-10,12.45,12.8,12.2,12.5,34403351.0,429659502.0,1698913437.0,0.020250208310054117
2025-06-11,12.44,12.61,12.35,12.5,19153562.0,239364034.0,1698913437.0,0.011274007011105888
2025-06-12,12.43,12.43,12.16,12.17,22568900.0,277577172.0,1698913437.0,0.01328431426138635
2025-06-13,12.3,12.67,12.13,12.55,45286020.0,565209853.0,1701595557.0,0.02661385651467119
2025-06-16,12.56,12.92,12.39,12.57,33293017.0,422100509.0,1701595557.0,0.019565763946103203
2025-06-17,12.57,13.18,12.48,12.97,43234215.0,561357171.0,1701595557.0,0.025408044127844417
2025-06-18,12.95,14.24,12.9,13.7,60515632.0,826731313.0,1701595557.0,0.03556405148747106
2025-06-19,13.51,14.14,13.15,13.92,58525032.0,794182879.0,1701595557.0,0.03439420828247967
2025-06-20,13.76,13.79,13.07,13.11,48700000.0,657602024.0,1701595557.0,0.028620196967286744
2025-06-23,13.42,13.75,13.31,13.72,53775192.0,730435693.0,1701595557.0,0.03160280466106083
2025-06-24,13.61,15.04,12.99,14.72,98132805.0,1400119264.0,1701595557.0,0.05767105150004808
2025-06-25,14.84,16.2,14.73,15.93,151023051.0,2378765056.0,1701595557.0,0.08875378780740434
2025-06-26,15.64,17.29,15.35,15.93,168999449.0,2775443682.0,1701595557.0,0.09931822418363308
2025-06-27,15.62,17.52,15.61,17.52,207783480.0,3524261761.0,1701595557.0,0.12211096764164858
2025-06-30,17.67,19.27,17.41,19.27,201975492.0,3793187861.0,1701595557.0,0.11869770767155335
2025-07-01,19.8,20.56,18.33,19.24,276221965.0,5394211544.0,1701595557.0,0.16233115082117014
2025-07-02,18.34,18.48,17.31,17.31,154172880.0,2747968892.0,1701595557.0,0.09060489101876516
2025-07-03,17.25,17.78,16.76,16.96,129712819.0,2229911408.0,1701595557.0,0.07623011147765943
2025-07-04,16.92,17.21,16.65,16.77,107359112.0,1820494784.0,1701595557.0,0.06309320188240242
2025-07-07,16.81,17.87,16.64,17.75,129035659.0,2252698483.0,1701595557.0,0.07583215557255948
2025-07-08,17.57,17.58,17.13,17.34,85396319.0,1483352998.0,1701595557.0,0.050186026079286475
2025-07-09,17.47,18.49,17.26,17.7,117962826.0,2117017699.0,1701595557.0,0.06932483192890707
2025-07-10,17.49,18.28,16.99,17.97,106344105.0,1885088686.0,1701595557.0,0.062496698796916286
2025-07-11,17.79,18.19,17.43,17.91,82316300.0,1460057338.0,1701595557.0,0.04837594906813688
2025-07-14,17.8,18.48,17.59,18.06,84026935.0,1524391334.0,1701595557.0,0.049381261401589334
2025-07-15,17.99,17.99,17.27,17.62,79672019.0,1395918053.0,1701595557.0,0.046821948184012564
2025-07-16,17.5,17.56,17.1,17.15,60472310.0,1046662372.0,1701595557.0,0.035538591853528215
2025-07-17,17.05,18.36,17.02,18.16,120528535.0,2149778765.0,1701595557.0,0.07083265732810091
2025-07-18,18.22,19.58,18.05,19.19,167633904.0,3136029760.0,1701794667.0,0.09850418928360645
2025-07-21,19.19,21.1,18.68,20.68,173920707.0,3478422013.0,1701794667.0,0.10219840875785281
2025-07-22,20.68,22.0,19.63,19.81,210718454.0,4369408375.0,1701794667.0,0.12382131527739709
2025-07-23,19.4,20.08,19.06,19.11,132323745.0,2567917653.0,1701794667.0,0.0777554117226529
2025-07-24,18.9,19.6,18.89,19.31,96768827.0,1864547534.0,1701794667.0,0.05686281011244936
2025-07-25,19.46,20.0,19.12,19.63,95431101.0,1869791931.0,1701794667.0,0.05607674230653821
2025-07-28,19.68,21.44,19.51,21.14,145359667.0,2998154450.0,1701794667.0,0.08541551446758647
2025-07-29,21.1,22.22,20.74,21.59,159300766.0,3416214851.0,1701794667.0,0.0936075127564141
2025-07-30,21.5,21.92,20.29,20.67,141828502.0,2980203907.0,1701794667.0,0.08334054909810104
2025-07-31,20.28,21.3,20.21,21.29,117459205.0,2464949505.0,1701794667.0,0.06902078569035731
2025-08-01,21.31,21.32,19.68,20.1,103131136.0,2103712100.0,1701794667.0,0.06060139804163577
2025-08-04,19.79,21.88,19.79,21.6,140167777.0,2972440732.0,1701794667.0,0.08236468224870751
2025-08-05,22.0,22.58,21.28,21.51,154418111.0,3366267410.0,1701794667.0,0.09073839164874994
2025-08-06,21.52,23.66,21.31,23.66,179196330.0,4101012215.0,1701794667.0,0.10529844373992271
2025-08-07,24.2,24.5,22.21,23.65,199729715.0,4685340023.0,1701794667.0,0.117364167882893
2025-08-08,23.0,24.15,23.0,23.3,128020860.0,3009050377.0,1701794667.0,0.07522697213858409
2025-08-11,23.3,25.63,23.1,25.62,185577335.0,4580095235.0,1701794667.0,0.1090480177183444
2025-08-12,25.58,26.95,25.13,26.24,194506413.0,5058869285.0,1701794667.0,0.11429487750298609
2025-08-13,25.95,28.86,25.8,28.86,150210915.0,4196875134.0,1701794667.0,0.08826618035229745
2025-08-14,29.46,30.68,27.05,27.56,268417584.0,7758378635.0,1701794667.0,0.1577261870688422
2025-08-15,27.45,27.9,25.19,25.55,243505029.0,6289350208.0,1701794667.0,0.14308719713481158
2025-08-18,25.3,27.97,25.27,27.77,218394218.0,5747544276.0,1701794667.0,0.12833170900987434
2025-08-19,27.2,28.11,26.2,26.67,162730593.0,4392731524.0,1701794667.0,0.09562293040139137
2025-08-20,26.7,27.13,25.97,26.3,116910210.0,3102875704.0,1701794667.0,0.06869818801706234
2025-08-21,26.0,26.3,25.05,25.15,111190446.0,2832444739.0,1701794667.0,0.06533716914039431
2025-08-22,25.05,25.67,24.8,25.62,101964668.0,2576972353.0,1701794667.0,0.05991596399802327
2025-08-25,25.62,26.14,25.0,25.84,107149100.0,2759348336.0,1701794667.0,0.06296241378455325
2025-08-26,25.63,26.29,25.3,25.37,99308407.0,2536852069.0,1701794667.0,0.05835510530483993
2025-08-27,25.38,25.38,24.07,24.09,116812988.0,2863221041.0,1701794667.0,0.06864105891571701
2025-08-28,24.0,24.0,22.74,23.95,112607844.0,2633434153.0,1701794667.0,0.06617005340515619
2025-08-29,23.86,26.28,23.72,25.72,151422237.0,3755955574.0,1701794667.0,0.08897797127718934
2025-09-01,26.05,26.14,24.35,25.36,118552707.0,3014491530.0,1701794667.0,0.06966334382102045
2025-09-02,25.0,25.0,24.0,24.61,84083847.0,2065501737.0,1701794667.0,0.04940892613574044
2025-09-03,24.73,25.21,22.15,22.15,108370487.0,2500419932.0,1701794667.0,0.0636801190539869
2025-09-04,20.87,21.15,19.94,19.94,87908601.0,1774516801.0,1701794667.0,0.05165640879282412
2025-09-05,19.0,20.38,18.03,19.61,119274977.0,2279486669.0,1701794667.0,0.07008776047598227
2025-09-08,19.39,19.66,18.93,19.2,76838134.0,1475554777.0,1701794667.0,0.0451512368031178
2025-09-09,19.08,19.82,18.72,18.84,81987690.0,1578753817.0,1701794667.0,0.04817719293040892
2025-09-10,18.7,19.05,18.65,18.85,41278982.0,779964105.0,1701794667.0,0.0242561472311865
2025-09-11,18.88,19.44,18.63,19.19,55199896.0,1050363186.0,1701794667.0,0.03243628451210795
2025-09-12,19.19,20.18,19.11,19.81,96820033.0,1909202001.0,1701794667.0,0.056892899523935336
2025-09-15,19.82,19.88,19.43,19.45,53646050.0,1049024327.0,1701794667.0,0.0315232213616991
2025-09-16,19.41,19.55,19.03,19.31,40713145.0,784460201.0,1701794667.0,0.02392365294678644
2025-09-17,19.22,19.58,19.17,19.46,38033936.0,736882847.0,1701794667.0,0.022349309665570836
2025-09-18,19.45,19.7,18.75,19.05,54528833.0,1051262100.0,1701794667.0,0.03204195785624706
2025-09-19,18.95,20.15,18.92,19.51,90926036.0,1800271307.0,1701794667.0,0.053429498730471696
2025-09-22,19.4,19.68,19.12,19.38,43257460.0,835430349.0,1701794667.0,0.025418730495998198
2025-09-23,19.26,19.31,18.36,18.87,50167611.0,941015914.0,1701794667.0,0.02947923857843421
2025-09-24,18.75,18.86,18.54,18.83,27027044.0,505879243.0,1701794667.0,0.015881495296753097
2025-09-25,18.71,18.8,18.43,18.45,30372249.0,564176063.0,1701794667.0,0.017847187788842683
2025-09-26,18.41,18.8,18.3,18.34,40500714.0,750301602.0,1701794667.0,0.023798825313864964
2025-09-29,18.35,18.48,17.96,18.36,31008413.0,566233138.0,1701794667.0,0.018221007270320704
2025-09-30,18.36,18.88,18.36,18.77,38455993.0,717656794.0,1701794667.0,0.02259731667145952
2025-10-09,18.47,18.74,18.26,18.73,39294976.0,728068543.0,1701794667.0,0.023090315630892738
2025-10-10,18.65,20.18,18.63,19.88,112793464.0,2207665696.0,1701794667.0,0.06627912649346668
2025-10-13,19.22,21.5,19.15,21.44,137704354.0,2868691335.0,1701794667.0,0.08091713804859396
2025-10-14,21.66,21.66,20.41,20.58,111085342.0,2316180647.0,1701794667.0,0.06527540845795822
2025-10-15,20.27,20.32,19.01,19.79,74033352.0,1445509481.0,1701794667.0,0.043503104948912144
2025-10-16,19.62,20.17,19.6,19.71,50601627.0,1004183034.0,1701794667.0,0.02973427287159315
2025-10-17,19.47,19.49,18.55,18.59,56236102.0,1068262639.0,1701794667.0,0.033045174656197225
2025-10-20,18.78,18.88,18.36,18.48,34209056.0,633690343.0,1701794667.0,0.020101752969002577
2025-10-21,18.48,18.65,18.4,18.55,27284576.0,505413839.0,1701794667.0,0.01603282495184832
2025-10-22,18.48,18.62,18.21,18.26,28053186.0,515491881.0,1701794667.0,0.016484471683915553
2025-10-23,18.2,18.64,18.1,18.26,34973331.0,640877939.0,1701794667.0,0.0205508523902314
2025-10-24,18.19,18.95,18.19,18.54,41715351.0,776216118.0,1701794667.0,0.02451256418233916
2025-10-27,18.54,18.66,18.41,18.6,36391152.0,674387189.0,1701794667.0,0.021383985216120085
2025-10-28,19.03,20.0,18.65,19.8,95912808.0,1859703930.0,1701794667.0,0.056359800544609415
2025-10-29,19.61,19.62,19.06,19.34,61834904.0,1192627682.0,1701794667.0,0.03633511445244175
2025-10-30,19.11,19.12,18.7,18.73,42265607.0,797260625.0,1701794667.0,0.02483590283809486
2025-10-31,18.73,18.83,18.65,18.79,21850514.0,409532151.0,1701794667.0,0.012839688843612999
2025-11-03,18.79,18.79,18.45,18.65,23201753.0,430768476.0,1701794667.0,0.013633697090437527
2025-11-04,18.53,18.73,18.3,18.38,25781220.0,476940336.0,1701794667.0,0.01514943048061626
2025-11-05,18.18,18.57,18.13,18.43,20304709.0,372517238.0,1701794667.0,0.011931350705073047
2025-11-06,18.44,18.52,18.35,18.49,19658883.0,362468137.0,1701794667.0,0.0115518536878809
2025-11-07,18.46,18.46,18.16,18.18,24290871.0,442613368.0,1701794667.0,0.014273679117129352
2025-11-10,18.16,18.18,17.81,18.03,28158021.0,505544832.0,1701794667.0,0.01654607429792821
2025-11-11,18.0,18.14,17.93,17.96,17013900.0,306780224.0,1701794667.0,0.009997622116182128
2025-11-12,17.96,18.0,17.01,17.16,44102757.0,767249995.0,1701794667.0,0.025915439656269648
2025-11-13,17.14,17.52,17.11,17.41,25246234.0,438804865.0,1701794667.0,0.014835064705253304
2025-11-14,17.42,17.92,17.38,17.6,31131382.0,551733851.0,1701794667.0,0.01829326569396283
2025-11-17,18.4,19.29,18.4,18.99,101317523.0,1910132810.0,1701794667.0,0.059535691916702896
2025-11-18,19.0,19.07,17.85,17.86,67427539.0,1222326181.0,1701794667.0,0.03962143042724672
2025-11-19,17.66,18.62,17.6,18.18,53511413.0,973199998.0,1701794667.0,0.03144410664673919
2025-11-20,17.84,17.85,17.5,17.52,36625470.0,644786792.0,1701794667.0,0.021521673977604492
2025-11-21,17.25,17.83,16.86,17.28,45775073.0,794723309.0,1701794667.0,0.026898117550629274
2025-11-24,17.18,18.29,17.15,18.12,54571126.0,970122449.0,1701794667.0,0.03206680985562167
2025-11-25,17.75,17.89,17.53,17.68,43218585.0,766691863.0,1701794667.0,0.02539588696454647
2025-11-26,17.54,17.55,17.2,17.25,30177441.0,521052875.0,1701794667.0,0.017732715694307673
2025-11-27,17.22,17.35,17.18,17.22,17264941.0,297722021.0,1701794667.0,0.010145137562591739
2025-11-28,17.12,17.34,17.11,17.27,15743098.0,271292371.0,1701794667.0,0.009250879853650406
2025-12-01,17.2,17.37,17.17,17.31,17162603.0,296501346.0,1701794667.0,0.010085002223126605
2025-12-02,17.29,17.32,17.15,17.15,17511477.0,301143791.0,1701794667.0,0.010290005803620255
2025-12-03,17.12,17.16,16.88,16.89,19199754.0,324985127.0,1701794667.0,0.011282062620307882
2025-12-04,16.85,16.91,16.54,16.56,20832761.0,346644597.0,1701794667.0,0.012241641958324459
2025-12-05,16.51,16.71,16.31,16.69,21351888.0,353573322.0,1701794667.0,0.012546688748085023
2025-12-08,16.69,16.99,16.63,16.7,26657706.0,447220107.0,1701794667.0,0.015664466763780263
2025-12-09,16.6,16.7,16.35,16.39,23663797.0,389422079.0,1701794667.0,0.013905201055610078
2025-12-10,16.31,16.43,16.22,16.36,17876800.0,291434231.0,1701794667.0,0.010504675062540903
2025-12-11,16.41,16.45,16.05,16.08,22330557.0,361726180.0,1701794667.0,0.01312176929039583
2025-12-12,16.13,16.42,15.76,16.42,46263395.0,740629424.0,1701794667.0,0.027185062861640758
2025-12-15,16.23,16.25,15.9,15.91,28375380.0,456036119.0,1701794667.0,0.016673797697357575
2025-12-16,15.91,15.91,15.35,15.78,30718067.0,479955836.0,1701794667.0,0.018050395618027872
2025-12-17,15.7,15.91,15.55,15.87,20543887.0,323123677.0,1701794667.0,0.012071895275248268
2025-12-18,15.78,16.06,15.69,15.85,21321500.0,339424853.0,1701794667.0,0.012528832304772993
2025-12-19,15.79,16.09,15.77,16.05,22426793.0,359294174.0,1701794667.0,0.01317831900339361
2025-12-22,16.11,16.36,16.07,16.27,23756832.0,386458783.0,1701794667.0,0.013959869813130634
2025-12-23,16.16,16.3,15.92,16.0,19367300.0,311343785.0,1701794667.0,0.011380515155886312
2025-12-24,15.88,16.36,15.87,16.31,24951700.0,405280734.0,1701794667.0,0.014661992121520733
2025-12-25,16.3,16.48,16.27,16.43,21935524.0,360259963.0,1701794667.0,0.012889641991103972
2025-12-26,16.42,16.49,16.24,16.34,20829400.0,340939598.0,1701794667.0,0.012239666984454124
2025-12-29,16.4,16.49,16.36,16.43,21607838.0,354869982.0,1701794667.0,0.01269708879631834
2025-12-30,16.44,16.7,16.3,16.5,28340900.0,468800159.0,1701794667.0,0.016653536733641675
2025-12-31,16.41,16.88,16.31,16.8,42590463.0,708929566.0,1701794667.0,0.025026793082552304
2026-01-05,16.9,17.5,16.7,17.17,60609067.0,1033821877.0,1701794667.0,0.035614794296449634
2026-01-06,17.16,17.78,16.94,17.5,69101482.0,1198677575.0,1701794667.0,0.040605064371141315
2026-01-07,17.49,17.49,17.01,17.03,46657088.0,801290041.0,1701794667.0,0.027416402756890293
2026-01-08,16.97,18.73,16.93,18.73,150695959.0,2751245214.0,1701794667.0,0.08855119946148003
2026-01-09,19.4,19.6,18.9,19.05,158568332.0,3046729770.0,1701794667.0,0.09317712358302978
2026-01-12,20.0,20.02,19.18,19.54,125224331.0,2446668116.0,1701794667.0,0.07358368987061821
2026-01-13,19.25,21.4,18.6,20.38,166559974.0,3261959437.0,1701794667.0,0.09787313195288089
2026-01-14,20.2,20.58,19.41,19.62,111520093.0,2232541771.0,1701794667.0,0.06553087464811053
2026-01-15,19.9,20.51,19.35,19.91,86977113.0,1746032060.0,1701794667.0,0.05110905251179754
2026-01-16,19.67,19.88,19.11,19.11,57919883.0,1122125257.0,1701794667.0,0.03403458955603837
2026-01-19,18.88,19.4,18.81,19.09,44447554.0,850039605.0,1701794667.0,0.026118047530583784
2026-01-20,18.91,19.05,18.1,18.24,56974670.0,1045959987.0,1701794667.0,0.03347916825972754
2026-01-21,18.1,18.37,18.03,18.26,26180703.0,478237325.0,1701794667.0,0.015384172666466583
2026-01-22,18.26,18.69,18.25,18.46,30588465.0,565399425.0,1701794667.0,0.01797423954437624
2026-01-23,18.46,18.58,18.26,18.5,32686312.0,602849680.0,1701794667.0,0.01920696581898502
2026-01-26,18.5,18.5,17.77,17.87,42407729.0,764599782.0,1701794667.0,0.0249194158510076
2026-01-27,17.77,18.02,17.53,17.96,24900602.0,443435463.0,1701794667.0,0.01463196617245011
2026-01-28,17.81,18.04,17.32,17.38,42111020.0,741081039.0,1701794667.0,0.024745065204743646
2026-01-29,17.2,17.46,17.06,17.1,28894549.0,497523653.0,1701794667.0,0.016978869166946332
2026-01-30,17.07,17.27,16.61,16.88,25378930.0,428183283.0,1701794667.0,0.01491303885958176
2026-02-02,16.8,16.99,16.4,16.41,21418480.0,357660952.0,1701794667.0,0.01258581920329875
2026-02-03,16.57,16.86,16.5,16.85,19620190.0,328515265.0,1701794667.0,0.011529117102351338
2026-02-04,16.85,17.09,16.73,16.86,24112200.0,407387750.0,1701794667.0,0.014168689365154767
2026-02-05,16.87,16.95,16.62,16.68,17221500.0,288620722.0,1701794667.0,0.01011961098124654
2026-02-06,16.69,16.84,16.54,16.68,16863103.0,281753157.0,1701794667.0,0.009909011543517782
2026-02-09,16.78,17.08,16.78,16.94,20065944.0,339488933.0,1701794667.0,0.011791048819875048
2026-02-10,16.95,17.0,16.82,16.95,18366811.0,310722128.0,1701794667.0,0.010792612855214689
2026-02-11,17.0,17.02,16.76,16.79,14706700.0,248217898.0,1701794667.0,0.008641876887489389
2026-02-12,16.76,16.9,16.66,16.8,13290811.0,223538100.0,1701794667.0,0.0078098793336975475
2026-02-13,16.8,17.0,16.74,16.83,18183437.0,306886358.0,1701794667.0,0.010684859550097533
2026-02-24,16.99,17.67,16.95,17.47,40122728.0,694945529.0,1701794667.0,0.023576715086744363
2026-02-25,17.41,17.51,17.3,17.35,30317608.0,527267145.0,1701794667.0,0.01781507991997956
2026-02-26,17.38,17.43,17.18,17.38,22063238.0,381892763.0,1701794667.0,0.012964688647716863
2026-02-27,17.38,17.47,17.29,17.35,22935461.0,398109708.0,1701794667.0,0.013477219928319354
2026-03-02,18.0,18.37,17.88,18.29,84226340.0,1526013627.0,1701794667.0,0.04949265715380221
2026-03-03,18.3,18.31,17.3,17.31,48749084.0,856882936.0,1701794667.0,0.028645690896385915
2026-03-04,17.09,17.75,16.82,17.5,35823478.0,622478461.0,1701794667.0,0.021050411483044092
2026-03-05,17.45,17.58,17.08,17.23,31671620.0,545684287.0,1701794667.0,0.01861071762307973
2026-03-06,17.15,17.23,16.99,17.01,25211313.0,430084242.0,1701794667.0,0.014814544603341386
2026-03-09,16.94,17.05,16.48,16.53,27561934.0,457478478.0,1701794667.0,0.016195804661080185
2026-03-10,16.55,16.82,16.55,16.69,17007073.0,283839170.0,1701794667.0,0.009993610468870978
2026-03-11,16.7,16.71,16.33,16.37,27569410.0,453737087.0,1701794667.0,0.0162001976704984
2026-03-12,16.25,16.26,16.03,16.07,21471779.0,345548511.0,1701794667.0,0.012617138492889635
2026-03-13,16.05,16.08,15.8,15.9,17696409.0,282232274.0,1701794667.0,0.010398674612840351
2026-03-16,15.9,16.04,15.8,16.02,13778048.0,219173447.0,1701794667.0,0.008096187082480734
2026-03-17,16.04,16.1,15.8,15.82,13057400.0,207797395.0,1701794667.0,0.0076727235389791
2026-03-18,15.82,15.87,15.49,15.56,17387901.0,270718479.0,1701794667.0,0.010217390697699254
2026-03-19,15.46,15.49,15.02,15.05,18462366.0,280524164.0,1701794667.0,0.010848762402426779
2026-03-20,15.02,15.15,14.71,14.71,17174106.0,255848726.0,1701794667.0,0.010091761557976489
2026-03-23,14.41,14.45,13.62,13.66,32135446.0,449436763.0,1701794667.0,0.01888326871810558
2026-03-24,13.93,15.0,13.77,14.88,54320504.0,793045203.0,1701794667.0,0.031919540619879026
2026-03-25,14.51,16.02,14.23,15.6,84443868.0,1260544185.0,1701794667.0,0.0496204798601593
2026-03-26,15.13,15.32,14.66,14.68,52855900.0,790528306.0,1701794667.0,0.031058917403458994
2026-03-27,14.35,15.2,14.32,14.89,36215285.0,541932814.0,1701794667.0,0.021280643136484808
2026-03-30,14.7,15.39,14.64,15.1,35631862.0,539742238.0,1701794667.0,0.020937815055451694
2026-03-31,15.0,15.15,14.69,14.72,26297969.0,391225591.0,1701794667.0,0.01545307992200918
2026-04-01,14.85,14.9,14.56,14.73,16877500.0,248660334.0,1701794667.0,0.009917471436053102
2026-04-02,14.69,14.96,14.56,14.7,20905469.0,308230176.0,1701794667.0,0.012284366266614936
2026-04-03,14.7,14.74,14.14,14.19,21537740.0,307970345.0,1701794667.0,0.012655898163065522
2026-04-07,14.2,14.3,14.15,14.26,10413865.0,148266376.0,1701794667.0,0.006119342833738002
2026-04-08,14.37,14.66,14.37,14.65,22673077.0,330021950.0,1701794667.0,0.013323039165452973
2026-04-09,14.55,14.76,14.38,14.45,17444653.0,253103564.0,1701794667.0,0.010250739021736515
2026-04-10,15.23,15.36,14.72,14.75,38819564.0,583619899.0,1701794667.0,0.022810956428975578
2026-04-13,14.56,14.91,14.56,14.76,21111272.0,310622351.0,1701794667.0,0.012405299187601696
2026-04-14,14.76,14.9,14.65,14.86,19137295.0,282436488.0,1701794667.0,0.011245360777711263
2026-04-15,14.87,14.95,14.72,14.76,16910000.0,251077903.0,1701794667.0,0.009936568922154226
2026-04-16,14.71,14.8,14.68,14.77,13670050.0,201383060.0,1701794667.0,0.008032725842359218
2026-04-17,14.7,14.93,14.56,14.91,21170343.0,312316028.0,1701794667.0,0.012440010190724143
2026-04-20,14.87,15.1,14.85,15.07,23392655.0,351144664.0,1701794667.0,0.01374587396095066
2026-04-21,15.1,15.25,14.9,14.96,21498467.0,323209340.0,1701794667.0,0.012632820760860922
2026-04-22,14.85,14.93,14.79,14.89,14151078.0,210371816.0,1701794667.0,0.008315385089874653
2026-04-23,14.85,14.94,14.57,14.61,16969692.0,249332645.0,1701794667.0,0.009971644834164944
2026-04-24,14.61,14.65,14.35,14.42,12588329.0,181573775.0,1701794667.0,0.007397090403504008
2026-04-27,14.42,14.46,14.3,14.35,11129398.0,159797834.0,1701794667.0,0.006539800726734796
2026-04-28,14.2,14.25,13.8,13.85,22643000.0,316317853.0,1701794667.0,0.013305365470392558
2026-04-29,13.8,14.14,13.8,14.09,13214312.0,185515962.0,1701794667.0,0.0077649273771052425
2026-04-30,14.12,14.14,14.03,14.1,11913623.0,167783332.0,1701794667.0,0.007000623066354926
2026-05-06,14.1,14.35,14.08,14.22,16358489.0,232549851.0,1701794667.0,0.009612492809627544
2026-05-07,14.22,14.33,14.07,14.12,23910669.0,338441818.0,1701794667.0,0.014050266735264131
2026-05-08,14.13,14.74,14.09,14.54,32339408.0,468420170.0,1701794667.0,0.01900311983995658
2026-05-11,14.54,14.6,14.32,14.44,22309799.0,322027940.0,1701794667.0,0.013109571579119303
2026-05-12,14.43,15.07,14.11,14.74,52809430.0,771403211.0,1701794667.0,0.03103161093640917
2026-05-13,14.58,14.61,14.3,14.37,33167707.0,476943306.0,1701794667.0,0.01948984072118966
2026-05-14,14.36,14.37,14.0,14.0,21428300.0,302411935.0,1701794667.0,0.012591589582176073
2026-05-15,14.02,14.16,13.93,14.04,18101301.0,254186792.0,1701794667.0,0.010636595207992858
2026-05-18,13.98,14.04,13.84,13.9,13023595.0,180985510.0,1701794667.0,0.007652859215359147
2026-05-19,13.9,13.94,13.76,13.84,11563768.0,159898911.0,1701794667.0,0.0067950430355885
2026-05-20,13.83,13.88,13.62,13.66,13087843.0,179108998.0,1701794667.0,0.007690612301113763
2026-05-21,13.66,13.78,13.36,13.37,15351499.0,208449093.0,1701794667.0,0.009020770424120738
2026-05-22,13.38,13.43,13.26,13.31,11292332.0,150452712.0,1701794667.0,0.0066355431821317375
2026-05-25,13.25,13.36,13.01,13.12,16544400.0,216731987.0,1701794667.0,0.009721736893890501
2026-05-26,13.02,13.4,12.8,13.15,20683180.0,269049953.0,1701794667.0,0.012153745925447773
2026-05-27,13.0,13.14,12.66,12.69,16873734.0,216286615.0,1701794667.0,0.009915258478125199
2026-05-28,12.77,12.87,12.71,12.8,11379400.0,145740791.0,1701794667.0,0.006686705641204127
2026-05-29,12.82,12.99,12.66,12.67,13790427.0,176983737.0,1701794667.0,0.008103461168032912
2026-06-01,12.67,12.81,12.67,12.75,8042968.0,102425493.0,1701794667.0,0.0047261682951319295
2026-06-02,12.7,12.75,12.34,12.39,12806479.0,159471562.0,1701794667.0,0.007525278606364325
2026-06-03,12.38,12.44,12.21,12.27,14239155.0,175445674.0,1701794667.0,0.008367140452438613
2026-06-04,12.24,12.24,11.9,12.02,16067774.0,193611660.0,1701794667.0,0.009441664327415594
2026-06-05,11.92,12.2,11.82,12.04,15477200.0,186115232.0,1701794667.0,0.009094634211825275
2026-06-08,11.83,12.1,11.58,11.71,15808628.0,186654363.0,1701794667.0,0.009289386261779841
2026-06-09,11.71,11.8,11.54,11.78,11924300.0,139657271.0,1701794667.0,0.007006897031250363
2026-06-10,11.77,12.5,11.72,11.96,26694749.0,323473678.0,1701794667.0,0.015686233784630847
2026-06-11,11.83,11.93,11.57,11.59,16099729.0,187754514.0,1701794667.0,0.009460441563365176
2026-06-12,11.61,12.13,11.61,11.98,24506276.0,292784723.0,1701794667.0,0.01440025431693282
2026-06-15,12.0,12.2,11.98,12.13,17102801.0,206957054.0,1701794667.0,0.010049861673470621
2026-06-16,12.13,12.19,11.98,12.14,12004723.0,145235735.0,1701794667.0,0.00705415478893377
2026-06-17,12.13,12.14,11.85,11.89,12605948.0,150583188.0,1701794667.0,0.0074074435914306454
2026-06-18,11.86,12.01,11.69,11.73,12873183.0,152404427.0,1701794667.0,0.007564474874453229
2026-06-22,11.73,11.86,11.38,11.85,19329818.0,223610909.0,1701794667.0,0.011358490172069625
2026-06-23,11.85,11.96,11.54,11.57,14516200.0,171052153.0,1701794667.0,0.008529936238188951
2026-06-24,11.59,11.6,11.16,11.28,16766582.0,189086202.0,1701794667.0,0.009852294360257271
2026-06-25,11.19,11.32,11.04,11.17,15499248.0,173200988.0,1701794667.0,0.009107589946396277
2026-06-26,11.19,11.22,10.79,10.85,19339987.0,210701021.0,1701794667.0,0.011364465628566927
2026-06-29,10.72,10.8,10.5,10.7,16610388.0,176993337.0,1701794667.0,0.009760512429670224
2026-06-30,10.9,10.91,10.7,10.85,12995904.0,140548853.0,1701794667.0,0.007636587569586031
2026-07-01,10.8,11.18,10.8,11.02,19329617.0,213403420.0,1701794667.0,0.011358372061463276
2026-07-02,10.91,11.21,10.9,10.92,17721933.0,196250093.0,1701794667.0,0.010413672897001739
2026-07-03,10.99,11.43,10.95,11.34,24610500.0,276407099.0,1701794667.0,0.014461497898206777
