Кұјд,»щЧјКХТж,ІЯВФКХТж,өұИХУҜАы,өұИХҝчЛр,өұИХВтИл,өұИХВфіц,і¬¶оКХТж(%)
2021-07-21 16:00:00,0.69,0.21,213,0,96696,0,-0.48
2021-07-22 16:00:00,0.84,0.01,0,-206.35,11256,-12350,-0.82
2021-07-23 16:00:00,-0.39,-1.89,0,-1895,0,0,-1.51
2021-07-26 16:00:00,-3.6,-3.06,0,-1166.93,12084,-10934,0.56
2021-07-27 16:00:00,-7,-5.31,0,-2253,0,0,1.82
2021-07-28 16:00:00,-6.82,-7.82,0,-2509.27,10549,-10266,-1.07
2021-07-29 16:00:00,-5.06,-5.46,2361.44,0,2030,-562,-0.42
2021-07-30 16:00:00,-5.83,-4.65,807,0,0,0,1.25
2021-08-02 16:00:00,-3.43,-2.7,1947.13,0,10516,-11872,0.76
2021-08-03 16:00:00,-3.42,-2.75,0,-47.31,12096,-10311,0.69
2021-08-04 16:00:00,-2.55,-3,0,-247,0,0,-0.46
2021-08-05 16:00:00,-3.14,-3.43,0,-435,0,0,-0.3
2021-08-06 16:00:00,-3.67,-3.6,0,-167.56,10920,-12560,0.07
2021-08-09 16:00:00,-2.42,-1.76,1841.26,0,11362,-11736,0.68
2021-08-10 16:00:00,-1.29,-0.21,1546.56,0,11529,-12444,1.09
2021-08-11 16:00:00,-1.83,-0.06,153,0,0,0,1.8
2021-08-12 16:00:00,-2.65,0.73,793,0,0,0,3.47
2021-08-13 16:00:00,-3.19,3.18,2445.15,0,13000,-10848,6.58
2021-08-16 16:00:00,-3.29,3.59,414.26,0,23292,-25739,7.11
2021-08-17 16:00:00,-5.32,1.81,0,-1782,0,0,7.53
2021-08-18 16:00:00,-4.2,1.75,0,-65.8,12586,-10797,6.21
2021-08-19 16:00:00,-4.83,0.95,0,-794,0,0,6.07
2021-08-20 16:00:00,-6.65,1.56,606,0,739,0,8.79
2021-08-23 16:00:00,-5.35,4.05,2486.9,0,10416,-12099,9.93
2021-08-24 16:00:00,-4.32,5.39,1339.99,0,25993,-24014,10.15
2021-08-25 16:00:00,-4.13,7.22,1832.11,0,13584,-12886,11.84
2021-08-26 16:00:00,-6.02,8.24,1021.62,0,0,-376,15.17
2021-08-27 16:00:00,-5.52,8.36,123.14,0,12937,-13856,14.69
2021-08-30 16:00:00,-5.79,8.44,76,0,376,0,15.1
2021-08-31 16:00:00,-5.94,8.74,301.44,0,12754,-12563,15.61
2021-09-01 16:00:00,-4.69,11.13,2390.49,0,13338,-26511,16.6
2021-09-02 16:00:00,-4.69,10.92,0,-206.87,0,-866,16.38
2021-09-03 16:00:00,-5.21,11.44,516,0,13717,0,17.57
2021-09-06 16:00:00,-3.43,12.59,1149,0,0,0,16.59
2021-09-07 16:00:00,-2.27,15.9,3312.54,0,14458,-15462,18.59
2021-09-08 16:00:00,-2.68,17.07,1166.72,0,14359,-15284,20.29
2021-09-09 16:00:00,-2.72,18.94,1868.42,0,14459,-13584,22.27
2021-09-10 16:00:00,-1.87,16.94,0,-1991.79,15774,-14792,19.17
2021-09-13 16:00:00,-2.3,19.09,2150.55,0,0,-450,21.89
2021-09-14 16:00:00,-3.75,17.59,0,-1505.44,0,-440,22.17
2021-09-15 16:00:00,-4.73,18.01,424,0,635,0,23.87
2021-09-16 16:00:00,-5.9,20.8,2784.94,0,23679,-29061,28.37
2021-09-17 16:00:00,-4.95,19.8,0,-1000.38,18936,-16376,26.04
2021-09-22 16:00:00,-5.62,19.68,0,-114.92,29880,-29920,26.81
2021-09-23 16:00:00,-5.01,21.6,1914.69,0,28706,-29309,28.01
2021-09-24 16:00:00,-5.08,19.31,0,-2289.31,14835,-15314,25.7
2021-09-27 16:00:00,-4.53,14.66,0,-4653,0,0,20.1
2021-09-28 16:00:00,-4.41,16,1348.73,0,28224,-28269,21.35
2021-09-29 16:00:00,-5.38,12.87,0,-3132.27,477,-15270,19.29
2021-09-30 16:00:00,-4.75,15.03,2156.01,0,27481,-24992,20.77
2021-10-08 16:00:00,-3.5,18.69,3660.47,0,38817,-28533,22.99
2021-10-11 16:00:00,-3.38,18.29,0,-393.42,0,-424,22.43
2021-10-12 16:00:00,-4.41,17.15,0,-1140.77,0,-12768,22.55
2021-10-13 16:00:00,-3.31,18.73,1574.88,0,17350,-14122,22.79
2021-10-14 16:00:00,-3.82,17.82,0,-906.77,28974,-28772,22.5
2021-10-15 16:00:00,-3.46,17.1,0,-722.97,14392,-13965,21.3
2021-10-18 16:00:00,-4.58,17.51,407,0,0,0,23.15
2021-10-19 16:00:00,-3.65,16.71,0,-798.31,14100,-15312,21.13
2021-10-20 16:00:00,-3.89,15.74,0,-970,0,0,20.42
2021-10-21 16:00:00,-3.54,14.96,0,-781.42,15375,-14420,19.18
2021-10-22 16:00:00,-2.92,14.31,0,-647.24,14375,-15240,17.75
2021-10-25 16:00:00,-2.53,13.03,0,-1275,768,0,15.96
2021-10-26 16:00:00,-2.86,11.54,0,-1496.54,27771,-14536,14.82
2021-10-27 16:00:00,-4.13,8.93,0,-2605.15,37370,-40150,13.62
2021-10-28 16:00:00,-4.79,8.5,0,-434.71,13195,-26712,13.96
2021-10-29 16:00:00,-3.92,9.41,911.38,0,26436,-27620,13.87
2021-11-01 16:00:00,-4.27,12.99,3577.91,0,38769,-36094,18.03
2021-11-02 16:00:00,-5.27,11.95,0,-1036.98,11904,-12978,18.18
2021-11-03 16:00:00,-5.63,13.05,1104.01,0,41407,-25990,19.79
2021-11-04 16:00:00,-4.7,14.43,1371.94,0,906,-14055,20.07
2021-11-05 16:00:00,-5.22,12.69,0,-1738.58,27885,-13584,18.9
2021-11-08 16:00:00,-5.1,13.2,509,0,0,0,19.28
2021-11-09 16:00:00,-5.13,12.81,0,-382,1700,0,18.91
2021-11-10 16:00:00,-5.63,13.4,589.29,0,27424,-27714,20.17
2021-11-11 16:00:00,-4.12,13.95,542,0,0,0,18.85
2021-11-12 16:00:00,-4.32,14.95,1007.4,0,10752,-14600,20.14
2021-11-15 16:00:00,-4.44,15.66,710.76,0,14867,-11235,21.03
2021-11-16 16:00:00,-4.42,14.5,0,-1162,0,0,19.79
2021-11-17 16:00:00,-4.37,15.57,1070.38,0,13331,-13617,20.85
2021-11-18 16:00:00,-5.31,13.97,0,-1602,0,0,20.36
2021-11-19 16:00:00,-4.29,14.92,948.7,0,1415,-298,20.07
2021-11-22 16:00:00,-3.85,14.61,0,-312.65,0,-653,19.2
2021-11-23 16:00:00,-3.83,14.87,268,0,0,0,19.44
2021-11-24 16:00:00,-3.76,15.49,613.69,0,0,-309,20
2021-11-25 16:00:00,-4.16,16.28,796,0,0,0,21.33
2021-11-26 16:00:00,-4.87,15.11,0,-1175,0,0,21
2021-11-29 16:00:00,-5.04,15.54,435.54,0,14766,-14460,21.67
2021-11-30 16:00:00,-5.42,16.1,559.83,0,26898,-27166,22.75
2021-12-01 16:00:00,-5.19,21.54,5437.91,0,27322,-27086,28.19
2021-12-02 16:00:00,-4.95,20.9,0,-641.39,15048,-15386,27.2
2021-12-03 16:00:00,-4.07,20.93,31,0,652,0,26.06
2021-12-06 16:00:00,-4.24,19.53,0,-1403,0,0,24.82
2021-12-07 16:00:00,-3.66,18.42,0,-1109.61,0,-605,22.92
2021-12-08 16:00:00,-2.21,19.16,744,0,0,0,21.85
2021-12-09 16:00:00,-0.59,20.08,919,0,305,0,20.79
2021-12-10 16:00:00,-1.05,21.09,1005.05,0,874,-949,22.37
2021-12-13 16:00:00,-0.49,19.82,0,-1269,0,0,20.41
2021-12-14 16:00:00,-1.16,20.08,262,0,0,0,21.49
2021-12-15 16:00:00,-2.02,20.08,0,-3,0,0,22.56
2021-12-16 16:00:00,-1.45,21.55,1469,0,0,0,23.34
2021-12-17 16:00:00,-3.02,21.89,346,0,0,0,25.69
2021-12-20 16:00:00,-4.47,23.22,1327.82,0,14704,-16182,28.99
2021-12-21 16:00:00,-3.83,25.66,2436,0,592,0,30.66
2021-12-22 16:00:00,-3.81,25.31,0,-343.33,916,-329,30.27
2021-12-23 16:00:00,-3.14,24.22,0,-1090,0,0,28.25
2021-12-24 16:00:00,-3.67,20.6,0,-3623,0,0,25.19
2021-12-27 16:00:00,-3.71,22.29,1694,0,0,0,27
2021-12-28 16:00:00,-3,23.83,1533,0,15317,-16000,27.66
2021-12-29 16:00:00,-4.41,24.4,572,0,0,0,30.14
2021-12-30 16:00:00,-3.67,24.63,228.59,0,16654,-15411,29.38
2021-12-31 16:00:00,-3.3,27.18,2551,0,0,0,31.52
2022-01-04 16:00:00,-3.74,30.51,3331.94,0,17076,-16966,35.58
2022-01-05 16:00:00,-4.71,30.18,0,-328,0,0,36.61
2022-01-06 16:00:00,-5.69,33.17,2983.54,0,15402,-16464,41.2
2022-01-07 16:00:00,-5.61,30.51,0,-2653.11,17170,-19318,38.27
2022-01-10 16:00:00,-5.19,30.58,65.89,0,16605,-16110,37.73
2022-01-11 16:00:00,-6.09,30.63,54.54,0,17220,-16464,39.1
2022-01-12 16:00:00,-5.16,32.24,1603.55,0,16065,-16452,39.43
2022-01-13 16:00:00,-6.72,32.5,261,0,658,0,42.05
2022-01-14 16:00:00,-7.48,28.93,0,-3571,0,0,39.35
2022-01-17 16:00:00,-6.69,30.16,1234,0,940,0,39.49
2022-01-18 16:00:00,-5.79,26.53,0,-3634.27,14536,-15267,34.31
2022-01-19 16:00:00,-6.43,27.67,1142.95,0,31176,-31054,36.44
2022-01-20 16:00:00,-5.59,22.28,0,-5391.69,15525,-15690,29.52
2022-01-21 16:00:00,-6.45,23.91,1634.73,0,14960,-15266,32.45
2022-01-24 16:00:00,-6.31,22.41,0,-1505.72,15501,-16704,30.65
2022-01-25 16:00:00,-8.43,17.01,0,-5401,0,0,27.78
2022-01-26 16:00:00,-7.76,18.32,1314.7,0,29421,-27304,28.27
2022-01-27 16:00:00,-9.57,13.45,0,-4867.66,27538,-29664,25.46
2022-01-28 16:00:00,-10.67,15.84,2383.67,0,42325,-42331,29.68
2022-02-07 16:00:00,-9.3,19.31,3477.68,0,42208,-44321,31.54
2022-02-08 16:00:00,-9.79,21.42,2104,0,4578,0,34.6
2022-02-09 16:00:00,-8.94,22.59,1175.29,0,2913,-3710,34.63
2022-02-10 16:00:00,-9.18,22.27,0,-325.11,3740,-3105,34.63
2022-02-11 16:00:00,-9.94,20.16,0,-2109.73,3456,-3730,33.42
2022-02-14 16:00:00,-10.91,20.85,692,0,0,0,35.65
2022-02-15 16:00:00,-9.96,21.93,1074.6,0,0,-3404,35.42
2022-02-16 16:00:00,-9.61,23.66,1732.36,0,0,-635,36.81
2022-02-17 16:00:00,-9.39,25.16,1498,0,0,0,38.13
2022-02-18 16:00:00,-8.96,26.54,1382.01,0,772,-1991,38.99
2022-02-21 16:00:00,-9.29,27.47,936,0,0,0,40.52
2022-02-22 16:00:00,-10.47,25.45,0,-2027,0,0,40.12
2022-02-23 16:00:00,-9.51,26.31,868,0,0,0,39.58
2022-02-24 16:00:00,-11.35,22.3,0,-4018,0,0,37.96
2022-02-25 16:00:00,-10.48,24.41,2112,0,0,0,38.97
2022-02-28 16:00:00,-10.32,24.05,0,-358,648,0,38.33
2022-03-01 16:00:00,-9.58,26.54,2485,0,0,0,39.95
2022-03-02 16:00:00,-10.38,28.55,2013,0,0,0,43.44
2022-03-03 16:00:00,-10.91,28.03,0,-519.87,16016,-16824,43.71
2022-03-04 16:00:00,-11.99,27.32,0,-708.04,15488,-15040,44.67
2022-03-07 16:00:00,-14.8,26.03,0,-1295,0,0,47.92
2022-03-08 16:00:00,-16.51,22.54,0,-3481.36,14950,-15356,46.77
2022-03-09 16:00:00,-17.28,22.5,0,-43,0,0,48.09
2022-03-10 16:00:00,-15.97,24.17,1670.97,0,15835,-15033,47.77
2022-03-11 16:00:00,-15.71,25.57,1394.01,0,14724,-28993,48.97
2022-03-14 16:00:00,-18.29,22.98,0,-2588,0,0,50.51
2022-03-15 16:00:00,-22.02,15.84,0,-7136,722,0,48.55
2022-03-16 16:00:00,-18.65,20.12,4274,0,581,0,47.66
2022-03-17 16:00:00,-17.05,20.17,54.55,0,13930,-15450,44.87
2022-03-18 16:00:00,-16.5,21.88,1712.68,0,14856,-14322,45.96
2022-03-21 16:00:00,-16.64,22.76,877.76,0,30100,-29241,47.26
2022-03-22 16:00:00,-16.71,23.03,266,0,0,0,47.71
2022-03-23 16:00:00,-16.29,22.77,0,-253.91,0,-14910,46.66
2022-03-24 16:00:00,-16.79,20.94,0,-1837,2479,0,45.34
2022-03-25 16:00:00,-18.29,22.66,1726,0,0,0,50.12
2022-03-28 16:00:00,-18.8,23.88,1220.38,0,0,-618,52.56
2022-03-29 16:00:00,-19.08,22.83,0,-1048.88,15204,-17600,51.79
2022-03-30 16:00:00,-16.73,24.05,1211.98,0,13815,-15015,48.97
2022-03-31 16:00:00,-17.35,26.21,2158.96,0,15141,-15036,52.7
2022-04-01 16:00:00,-16.3,25.01,0,-1193.09,16014,-31061,49.35
2022-04-06 16:00:00,-16.54,26.57,1561,0,14812,0,51.65
2022-04-07 16:00:00,-17.61,24.18,0,-2390.93,0,-15928,50.72
2022-04-08 16:00:00,-17.19,23.29,0,-895.08,15510,-14084,48.88
2022-04-11 16:00:00,-19.75,21.4,0,-1883.68,14931,-13680,51.28
2022-04-12 16:00:00,-18.18,24.85,3448,0,13266,0,52.59
2022-04-13 16:00:00,-18.97,24.6,0,-248.63,671,-15627,53.77
2022-04-14 16:00:00,-17.96,25.08,480.97,0,15444,-16031,52.46
2022-04-15 16:00:00,-18.01,23.83,0,-1255.33,31353,-15334,51.03
2022-04-18 16:00:00,-18.45,23.09,0,-741.36,0,-30357,50.94
2022-04-19 16:00:00,-19.07,23.66,574,0,14916,0,52.8
2022-04-20 16:00:00,-20.32,23.57,0,-94.16,0,-15158,55.08
2022-04-21 16:00:00,-21.79,20.95,0,-2617,15145,0,54.65
2022-04-22 16:00:00,-21.45,20.33,0,-623.85,29842,-27846,53.19
2022-04-25 16:00:00,-25.33,14.76,0,-5567,13349,0,53.69
2022-04-26 16:00:00,-25.93,11.62,0,-3141.87,26744,-26870,50.7
2022-04-27 16:00:00,-23.75,12.57,951.03,0,51808,-49968,47.63
2022-04-28 16:00:00,-23.25,8.95,0,-3620.27,27248,-26274,41.95
2022-04-29 16:00:00,-21.39,11.4,2453.07,0,52028,-51926,41.71
2022-05-05 16:00:00,-21.51,14.67,3270.93,0,94914,-81073,46.1
2022-05-06 16:00:00,-23.49,17.97,3294,0,704,0,54.19
2022-05-09 16:00:00,-24.11,20.48,2518.42,0,0,-15582,58.76
2022-05-10 16:00:00,-23.28,25.5,5011,0,29104,0,63.58
2022-05-11 16:00:00,-22.17,25.54,47.91,0,15836,-16092,61.3
2022-05-12 16:00:00,-22.51,24.79,0,-750.6,1296,-16602,61.04
2022-05-13 16:00:00,-21.93,24.69,0,-99,13937,0,59.72
2022-05-16 16:00:00,-22.56,25.23,535.45,0,15017,-15552,61.71
2022-05-17 16:00:00,-21.59,24.85,0,-376.36,2226,-15358,59.23
2022-05-18 16:00:00,-21.86,25.81,955.08,0,15372,-917,61.01
2022-05-19 16:00:00,-21.71,25.68,0,-124.46,298,-15462,60.53
2022-05-20 16:00:00,-20.19,26.24,558,0,0,0,58.18
2022-05-23 16:00:00,-20.65,28.08,1841,0,304,0,61.41
2022-05-24 16:00:00,-22.51,22.14,0,-5946.23,13500,-17102,57.62
2022-05-25 16:00:00,-22.04,23.73,1592.14,0,14685,-12860,58.71
2022-05-26 16:00:00,-21.84,24.25,524,0,0,0,58.97
2022-05-27 16:00:00,-21.68,26.04,1783.84,0,16445,-16160,60.93
2022-05-30 16:00:00,-21.14,25.88,0,-152.26,15524,-17120,59.62
2022-05-31 16:00:00,-19.92,26.35,470.8,0,15120,-15200,57.78
2022-06-01 16:00:00,-20.08,26.16,0,-199,15320,0,57.86
2022-06-02 16:00:00,-19.95,25.96,0,-198.26,16447,-15260,57.35
2022-06-06 16:00:00,-18.46,28.88,2922.16,0,15917,-15840,58.06
2022-06-07 16:00:00,-18.2,28.04,0,-842,298,0,56.53
2022-06-08 16:00:00,-17.4,27.53,0,-509,0,0,54.39
2022-06-09 16:00:00,-18.27,29.54,2016.38,0,834,-616,58.5
2022-06-10 16:00:00,-17.03,31.38,1837.23,0,16784,-17591,58.35
2022-06-13 16:00:00,-18,32.36,976.03,0,776,-1966,61.41
2022-06-14 16:00:00,-17.36,32.97,615.18,0,16182,-15824,60.9
2022-06-15 16:00:00,-16.26,33,30.72,0,17062,-17136,58.82
2022-06-16 16:00:00,-16.81,33.04,36.2,0,15912,-16767,59.92
2022-06-17 16:00:00,-15.66,33.56,516.38,0,16709,-16081,58.36
2022-06-20 16:00:00,-15.24,34.29,728.61,0,16367,-15390,58.44
2022-06-21 16:00:00,-15.33,36.59,2299.98,0,17008,-16939,61.32
2022-06-22 16:00:00,-16.41,33.27,0,-3312.54,17603,-17448,59.43
2022-06-23 16:00:00,-14.98,34.17,894.83,0,0,-16170,57.81
2022-06-24 16:00:00,-13.98,35.63,1462.01,0,16370,-15990,57.67
2022-06-27 16:00:00,-13.01,34.32,0,-1306.54,32526,-17339,54.41
2022-06-28 16:00:00,-12.11,38.12,3801,0,1180,0,57.15
2022-06-29 16:00:00,-13.46,37.36,0,-760.78,16947,-16698,58.72
2022-06-30 16:00:00,-12.21,36.35,0,-1013.37,770,-1368,55.31
2022-07-01 16:00:00,-12.57,36.6,246,0,0,0,56.24
2022-07-04 16:00:00,-12,38.24,1641,0,937,0,57.09
2022-07-05 16:00:00,-12.12,37.71,0,-523.67,16681,-16662,56.7
2022-07-06 16:00:00,-13.41,34.75,0,-2958.63,1336,-630,55.62
2022-07-07 16:00:00,-13.03,36.16,1404.65,0,15318,-16353,56.56
2022-07-08 16:00:00,-13.31,37.65,1491.63,0,17915,-15273,58.78
2022-07-11 16:00:00,-14.77,37.72,68.52,0,17660,-18830,61.59
2022-07-12 16:00:00,-15.57,35.41,0,-2306.57,772,-1568,60.38
2022-07-13 16:00:00,-15.41,37.05,1638,0,0,0,62.02
2022-07-14 16:00:00,-15.4,36.26,0,-790,1255,0,61.06
2022-07-15 16:00:00,-16.84,32.79,0,-3468.07,17722,-16029,59.68
2022-07-18 16:00:00,-15.98,39.24,6450.26,0,16418,-17493,65.72
2022-07-19 16:00:00,-16.43,40.16,913.29,0,16764,-16680,67.72
2022-07-20 16:00:00,-16.15,40.88,720.37,0,16472,-17630,68.01
2022-07-21 16:00:00,-17.09,39.63,0,-1246,0,0,68.41
2022-07-22 16:00:00,-17.04,40.32,684.69,0,0,-308,69.14
2022-07-25 16:00:00,-17.54,39.31,0,-1001,0,0,68.94
2022-07-26 16:00:00,-16.89,43.13,3812.68,0,0,-315,72.22
2022-07-27 16:00:00,-17.3,43.99,867,0,1246,0,74.11
2022-07-28 16:00:00,-17.29,44.16,167.33,0,17598,-18146,74.3
2022-07-29 16:00:00,-18.38,43.35,0,-810,0,0,75.63
2022-08-01 16:00:00,-18.01,43.81,459.87,0,16206,-17874,75.4
2022-08-02 16:00:00,-19.61,35.99,0,-7825.7,1543,-700,69.16
2022-08-03 16:00:00,-20.4,34.96,0,-1026.41,16536,-16414,69.55
2022-08-04 16:00:00,-19.72,37.27,2311.96,0,16907,-16969,70.99
2022-08-05 16:00:00,-18.64,38.36,1093,0,0,0,70.06
2022-08-08 16:00:00,-18.81,39.7,1340,0,0,0,72.07
2022-08-09 16:00:00,-18.65,41.54,1837,0,1065,0,73.99
2022-08-10 16:00:00,-19.56,43.71,2165,0,332,0,78.65
2022-08-11 16:00:00,-17.92,45.85,2141.45,0,19294,-20830,77.69
2022-08-12 16:00:00,-17.97,47.7,1853,0,730,0,80.06
2022-08-15 16:00:00,-18.07,48.61,911.53,0,18833,-20275,81.39
2022-08-16 16:00:00,-18.23,49.55,939.61,0,18306,-18384,82.89
2022-08-17 16:00:00,-17.46,48.85,0,-704,357,0,80.34
2022-08-18 16:00:00,-18.18,47.68,0,-1171,2063,0,80.49
2022-08-19 16:00:00,-18.75,47.7,19.39,0,18012,-18704,81.78
2022-08-22 16:00:00,-18.16,49.04,1340,0,0,0,82.11
2022-08-23 16:00:00,-18.55,51.06,2019.71,0,17329,-19299,85.46
2022-08-24 16:00:00,-20.09,45.93,0,-5122.71,20482,-18513,82.62
2022-08-25 16:00:00,-19.43,49.07,3138.03,0,18198,-18088,85.02
2022-08-26 16:00:00,-19.6,47.45,0,-1622.68,54401,-58103,83.4
2022-08-29 16:00:00,-19.95,48.93,1483.56,0,34818,-34614,86.05
2022-08-30 16:00:00,-20.22,49.11,183,0,925,0,86.9
2022-08-31 16:00:00,-20.16,45.05,0,-4061.67,18432,-17802,81.68
2022-09-01 16:00:00,-20.85,45.59,537.99,0,17550,-17496,83.94
2022-09-02 16:00:00,-21.24,48.11,2522,0,0,0,88.05
2022-09-05 16:00:00,-21.4,49.16,1044,0,576,0,89.77
2022-09-06 16:00:00,-20.68,49.24,83,0,0,0,88.15
2022-09-07 16:00:00,-20.63,49.07,0,-173,0,0,87.82
2022-09-08 16:00:00,-20.97,48.5,0,-571,566,0,87.9
2022-09-09 16:00:00,-19.87,48.26,0,-237,0,0,85.02
2022-09-13 16:00:00,-19.53,49.3,1038,0,0,0,85.53
2022-09-14 16:00:00,-20.43,49.52,220,0,869,0,87.91
2022-09-15 16:00:00,-21.18,47.42,0,-2100,0,0,87.03
2022-09-16 16:00:00,-23.02,41.37,0,-6048.96,17940,-17367,83.65
2022-09-19 16:00:00,-23.12,38.04,0,-3327.55,16842,-16500,79.55
2022-09-20 16:00:00,-23.02,41.99,3947.69,0,17325,-18550,84.45
2022-09-21 16:00:00,-23.59,43.55,1557.85,0,799,-1150,87.87
2022-09-22 16:00:00,-24.26,43.77,223.98,0,18563,-21359,89.82
2022-09-23 16:00:00,-24.52,40.37,0,-3398,0,0,85.97
2022-09-26 16:00:00,-24.9,38.09,0,-2282.76,15320,-16740,83.87
2022-09-27 16:00:00,-23.81,41.9,3813.28,0,16560,-16705,86.24
2022-09-28 16:00:00,-25.06,39.79,0,-2110,0,0,86.54
2022-09-29 16:00:00,-25.09,39.53,0,-265,767,0,86.26
2022-09-30 16:00:00,-25.53,37.63,0,-1898.02,17298,-16796,84.81
2022-10-10 16:00:00,-27.17,37.36,0,-266.34,18259,-18081,88.6
2022-10-11 16:00:00,-27.04,38.71,1347.84,0,17024,-16048,90.12
2022-10-12 16:00:00,-25.93,40.55,1834.24,0,16825,-17504,89.75
2022-10-13 16:00:00,-26.55,42.41,1859.84,0,17136,-15020,93.89
2022-10-14 16:00:00,-24.79,45.76,3356.66,0,15270,-17955,93.8
2022-10-17 16:00:00,-24.71,47.9,2133.72,0,17524,-18479,96.44
2022-10-18 16:00:00,-24.87,47.88,0,-12.84,18414,-19474,96.83
2022-10-19 16:00:00,-26.08,46.35,0,-1533.27,19460,-18290,97.98
2022-10-20 16:00:00,-26.5,45.62,0,-728,0,0,98.12
2022-10-21 16:00:00,-26.74,44.04,0,-1579,0,0,96.61
2022-10-24 16:00:00,-28.88,41.81,0,-2230.95,17790,-17391,99.4
2022-10-25 16:00:00,-29,41.02,0,-791.51,19111,-17970,98.62
2022-10-26 16:00:00,-28.42,44.17,3153.01,0,17715,-17442,101.41
2022-10-27 16:00:00,-28.93,42.7,0,-1468.99,17835,-17416,100.79
2022-10-28 16:00:00,-30.68,37,0,-5707.03,51798,-51819,97.63
2022-10-31 16:00:00,-31.32,38.95,1951.57,0,84374,-82852,102.32
2022-11-01 16:00:00,-28.87,41.04,2086.56,0,1261,-438,98.28
2022-11-02 16:00:00,-28.01,42.16,1127,0,0,0,97.47
2022-11-03 16:00:00,-28.6,41.25,0,-911,0,0,97.83
2022-11-04 16:00:00,-26.26,42.56,1310.55,0,394,-453,93.33
2022-11-07 16:00:00,-26.1,44.29,1730,0,0,0,95.25
2022-11-08 16:00:00,-26.61,44.36,72,0,0,0,96.7
2022-11-09 16:00:00,-27.3,46.26,1897,0,0,0,101.18
2022-11-10 16:00:00,-27.86,49.85,3585.82,0,18356,-19333,107.72
2022-11-11 16:00:00,-25.85,52.98,3129,0,417,0,106.31
2022-11-14 16:00:00,-25.74,50.42,0,-2554.95,904,-949,102.56
2022-11-15 16:00:00,-24.33,51.09,666,0,0,0,99.67
2022-11-16 16:00:00,-24.95,54.97,3884,0,0,0,106.49
2022-11-17 16:00:00,-25.26,56.39,1414.6,0,930,-2397,109.25
2022-11-18 16:00:00,-25.59,58.37,1980.06,0,21677,-21630,112.83
2022-11-21 16:00:00,-26.23,60.97,2605,0,1358,0,118.21
2022-11-22 16:00:00,-26.22,62.54,1565.91,0,20494,-23955,120.3
2022-11-23 16:00:00,-26.14,61.33,0,-1209.98,39758,-38895,118.43
2022-11-24 16:00:00,-26.47,61.13,0,-191.94,23035,-21051,119.14
2022-11-25 16:00:00,-26.1,61.33,196.53,0,1668,-473,118.31
2022-11-28 16:00:00,-26.93,58.65,0,-2677.3,19397,-19604,117.12
2022-11-29 16:00:00,-24.67,64.4,5742.23,0,20566,-22218,118.24
2022-11-30 16:00:00,-24.58,67.62,3225,0,0,0,122.25
2022-12-01 16:00:00,-23.77,69.55,1925.26,0,22508,-21982,122.42
2022-12-02 16:00:00,-24.23,73.29,3743,0,1309,0,128.71
2022-12-05 16:00:00,-22.75,72.91,0,-377.19,20442,-23894,123.83
2022-12-06 16:00:00,-22.33,71.64,0,-1271.74,21504,-20220,120.99
2022-12-07 16:00:00,-22.52,70.52,0,-1121,0,0,120.08
2022-12-08 16:00:00,-22.51,69.17,0,-1350,0,0,118.31
2022-12-09 16:00:00,-21.74,65.98,0,-3185.6,20430,-19707,112.09
2022-12-12 16:00:00,-22.62,66.21,231.33,0,20384,-20424,114.8
2022-12-13 16:00:00,-22.77,67.05,830.43,0,19812,-21248,116.3
2022-12-14 16:00:00,-22.59,68.52,1478.43,0,21897,-19488,117.7
2022-12-15 16:00:00,-22.65,68.82,293,0,0,0,118.25
2022-12-16 16:00:00,-22.6,66.98,0,-1838,0,0,115.74
2022-12-19 16:00:00,-23.8,66.98,3.7,0,22895,-25053,119.13
2022-12-20 16:00:00,-25.05,67.03,48.65,0,21243,-23168,122.86
2022-12-21 16:00:00,-25.02,65.71,0,-1325,313,0,121.01
2022-12-22 16:00:00,-24.92,64.04,0,-1666.92,19785,-20754,118.49
2022-12-23 16:00:00,-25.07,64.91,875.79,0,40005,-39392,120.09
2022-12-26 16:00:00,-24.77,68.82,3905.02,0,40425,-40808,124.41
2022-12-27 16:00:00,-23.9,68.8,0,-24.17,20340,-20055,121.81
2022-12-28 16:00:00,-24.23,65.43,0,-3367.09,20779,-18462,118.33
2022-12-29 16:00:00,-24.51,64.86,0,-564,318,0,118.39
2022-12-30 16:00:00,-24.22,66.23,1368.89,0,20067,-20250,119.36
2023-01-03 16:00:00,-23.9,69.15,2911.97,0,1079,-1026,122.27
2023-01-04 16:00:00,-23.8,73.7,4550.15,0,21200,-20376,127.95
2023-01-05 16:00:00,-22.32,74,300.55,0,43267,-44688,124
2023-01-06 16:00:00,-22.08,72.42,0,-1578.16,44728,-43463,121.28
2023-01-09 16:00:00,-21.45,74.36,1945,0,672,0,121.97
2023-01-10 16:00:00,-21.36,73.58,0,-779.1,21882,-22720,120.73
2023-01-11 16:00:00,-21.51,72.48,0,-1101.61,21607,-21749,119.75
2023-01-12 16:00:00,-21.36,72.9,416,0,0,0,119.86
2023-01-13 16:00:00,-20.25,74.68,1777,0,0,0,119.03
2023-01-16 16:00:00,-19.01,76.9,2226,0,0,0,118.42
2023-01-17 16:00:00,-19.02,77.36,457.54,0,2201,-3456,119.02
2023-01-18 16:00:00,-19.16,78.97,1607.33,0,23150,-20902,121.39
2023-01-19 16:00:00,-18.65,80.05,1086.64,0,22770,-22958,121.33
2023-01-20 16:00:00,-18.15,80.95,899.71,0,22308,-22885,121.08
2023-01-30 16:00:00,-17.77,86.81,5858,0,0,0,127.18
2023-01-31 16:00:00,-18.64,86.73,0,-79,499,0,129.51
2023-02-01 16:00:00,-17.87,92.54,5806.66,0,44859,-47600,134.43
2023-02-02 16:00:00,-18.16,91.56,0,-978.78,25312,-25274,134.07
2023-02-03 16:00:00,-18.93,92.24,681,0,0,0,137.13
2023-02-06 16:00:00,-20.01,94.32,2084.03,0,23790,-25744,142.93
2023-02-07 16:00:00,-19.86,96.92,2596.4,0,47752,-46363,145.72
2023-02-08 16:00:00,-20.22,94.71,0,-2212.22,48283,-49025,144.06
2023-02-09 16:00:00,-19.15,96.04,1334.84,0,23886,-23840,142.47
2023-02-10 16:00:00,-19.63,97.86,1814,0,0,0,146.19
2023-02-13 16:00:00,-18.9,100.84,2981.35,0,24507,-27151,147.64
2023-02-14 16:00:00,-18.86,98.54,0,-2295.27,26365,-23653,144.69
2023-02-15 16:00:00,-19.29,98.29,0,-257,0,0,145.68
2023-02-16 16:00:00,-19.88,93.33,0,-4956,0,0,141.3
2023-02-17 16:00:00,-21.03,92.75,0,-580.27,24800,-24037,144.08
2023-02-20 16:00:00,-19.09,94.9,2150.6,0,23445,-24128,140.88
2023-02-21 16:00:00,-18.88,95.87,968,0,0,0,141.46
2023-02-22 16:00:00,-19.61,95.12,0,-747.65,24310,-24120,142.72
2023-02-23 16:00:00,-19.68,94.73,0,-394,498,0,142.44
2023-02-24 16:00:00,-20.51,93.45,0,-1279,368,0,143.36
2023-02-27 16:00:00,-20.85,91,0,-2445.51,1054,-507,141.31
2023-02-28 16:00:00,-20.35,93.42,2414,0,0,0,142.84
2023-03-01 16:00:00,-19.22,96.01,2598,0,0,0,142.65
2023-03-02 16:00:00,-19.4,94.91,0,-1107.17,0,-1170,141.82
2023-03-03 16:00:00,-19.15,96.11,1201.61,0,1058,-394,142.56
2023-03-06 16:00:00,-19.57,94.55,0,-1556,0,0,141.89
2023-03-07 16:00:00,-20.75,89.53,0,-5027,383,0,139.15
2023-03-08 16:00:00,-21.04,92.06,2531,0,0,0,143.24
2023-03-09 16:00:00,-21.32,92.19,129,0,0,0,144.27
2023-03-10 16:00:00,-22.35,89.72,0,-2462.79,24414,-23641,144.33
2023-03-13 16:00:00,-21.54,89.43,0,-290.64,23000,-23650,141.44
2023-03-14 16:00:00,-22.01,85.82,0,-3610.39,0,-392,138.26
2023-03-15 16:00:00,-21.96,88.09,2267.61,0,0,-388,141.02
2023-03-16 16:00:00,-22.9,84.71,0,-3380,0,0,139.57
2023-03-17 16:00:00,-22.51,86.62,1907.22,0,21972,-23220,140.83
2023-03-20 16:00:00,-22.9,85.94,0,-678,1787,0,141.17
2023-03-21 16:00:00,-22.05,90.5,4557,0,680,0,144.39
2023-03-22 16:00:00,-21.72,92.77,2274,0,0,0,146.26
2023-03-23 16:00:00,-20.94,91.06,0,-1709,0,0,141.66
2023-03-24 16:00:00,-21.18,91.96,901.74,0,0,-1256,143.54
2023-03-27 16:00:00,-21.46,91.03,0,-930,0,0,143.23
2023-03-28 16:00:00,-21.72,88.5,0,-2537,1948,0,140.8
2023-03-29 16:00:00,-21.59,85.71,0,-2783,0,0,136.84
2023-03-30 16:00:00,-20.95,82.76,0,-2949,0,0,131.2
2023-03-31 16:00:00,-20.71,85.66,2896,0,458,0,134.15
2023-04-03 16:00:00,-19.93,87.62,1956.72,0,45346,-45904,134.32
2023-04-04 16:00:00,-19.69,83.58,0,-4036.49,23257,-23576,128.59
2023-04-06 16:00:00,-19.82,80.96,0,-2615.12,22848,-22512,125.69
2023-04-07 16:00:00,-19.29,84.58,3610.2,0,21672,-22540,128.7
2023-04-10 16:00:00,-19.66,80.33,0,-4241.91,44761,-45752,124.46
2023-04-11 16:00:00,-19.75,80.55,212,0,0,0,124.98
2023-04-12 16:00:00,-19.8,82.4,1853.61,0,22184,-21337,127.43
2023-04-13 16:00:00,-20.36,82.82,419.77,0,22752,-23391,129.56
2023-04-14 16:00:00,-19.91,83.95,1126.56,0,23701,-22106,129.68
2023-04-17 16:00:00,-18.78,84.63,688.41,0,0,-594,127.32
2023-04-18 16:00:00,-18.54,82.47,0,-2165.93,632,-927,124
2023-04-19 16:00:00,-19.27,81.44,0,-1026.73,23166,-23124,124.75
2023-04-20 16:00:00,-19.49,78.9,0,-2538.78,44963,-47444,122.21
2023-04-21 16:00:00,-21.07,76.03,0,-2868.48,282,-22678,123.02
2023-04-24 16:00:00,-22.05,74.86,0,-1177.08,65650,-63647,124.32
2023-04-25 16:00:00,-22.44,69.99,0,-4864.71,44412,-43649,119.17
2023-04-26 16:00:00,-22.5,70.84,849.05,0,63434,-62378,120.44
2023-04-27 16:00:00,-21.93,71.22,380.06,0,63166,-42300,119.32
2023-04-28 16:00:00,-21.14,76.19,4966.79,0,22260,-23390,123.42
2023-05-04 16:00:00,-21.11,80.86,4676.81,0,107940,-108316,129.26
2023-05-05 16:00:00,-21.38,82.2,1333.92,0,800,-23142,131.75
2023-05-08 16:00:00,-20.48,81.28,0,-922.04,1397,-1043,127.97
2023-05-09 16:00:00,-21.16,79.45,0,-1827,0,0,127.61
2023-05-10 16:00:00,-21.77,79.55,100,0,0,0,129.52
2023-05-11 16:00:00,-21.89,81.77,2224,0,0,0,132.71
2023-05-12 16:00:00,-22.92,81.52,0,-249.9,21810,-21812,135.5
2023-05-15 16:00:00,-21.73,85.69,4163,0,0,0,137.24
2023-05-16 16:00:00,-22.13,84.14,0,-1544.88,24615,-23335,136.47
2023-05-17 16:00:00,-22.49,86.13,1987,0,603,0,140.14
2023-05-18 16:00:00,-22.57,85.46,0,-670.3,22591,-23478,139.52
2023-05-19 16:00:00,-22.79,84.73,0,-724,0,0,139.26
2023-05-22 16:00:00,-22.31,89.23,4498,0,0,0,143.57
2023-05-23 16:00:00,-23.41,87.65,0,-1580.96,23244,-24862,145.01
2023-05-24 16:00:00,-24.46,87.03,0,-625,0,0,147.59
2023-05-25 16:00:00,-24.63,86.85,0,-181,763,0,147.91
2023-05-26 16:00:00,-24.62,85.28,0,-1569.54,46427,-45318,145.79
2023-05-29 16:00:00,-24.96,84.35,0,-930.52,22503,-22128,145.67
2023-05-30 16:00:00,-24.88,85.23,880.46,0,22290,-22191,146.58
2023-05-31 16:00:00,-25.65,83.01,0,-2215,744,0,146.15
2023-06-01 16:00:00,-25.49,87.65,4636.63,0,21792,-22950,151.85
2023-06-02 16:00:00,-24.41,90.12,2468.29,0,44819,-50182,151.51
2023-06-05 16:00:00,-24.76,92.14,2022.27,0,25488,-23920,155.37
2023-06-06 16:00:00,-25.46,90.58,0,-1554,0,0,155.67
2023-06-07 16:00:00,-25.83,93.9,3319.71,0,2584,-2290,161.43
2023-06-08 16:00:00,-25.23,96.76,2856.32,0,0,-1332,163.15
2023-06-09 16:00:00,-24.9,94.4,0,-2360.33,23994,-24717,158.85
2023-06-12 16:00:00,-24.75,96.6,2201.55,0,24192,-23994,161.26
2023-06-13 16:00:00,-24.35,98.37,1771,0,1658,0,162.22
2023-06-14 16:00:00,-24.37,96.39,0,-1978.55,25947,-28208,159.67
2023-06-15 16:00:00,-23.16,95.91,0,-483.35,24472,-23994,154.96
2023-06-16 16:00:00,-22.42,97.6,1692,0,613,0,154.7
2023-06-19 16:00:00,-23.06,95.67,0,-1934,0,0,154.32
2023-06-20 16:00:00,-23.19,95.6,0,-70,0,0,154.65
2023-06-21 16:00:00,-24.37,92.99,0,-2604.05,51579,-23987,155.18
2023-06-26 16:00:00,-25.43,93.79,791.44,0,20170,-49009,159.88
2023-06-27 16:00:00,-24.73,98.19,4406.7,0,49171,-45496,163.31
2023-06-28 16:00:00,-24.82,99.52,1325.1,0,47567,-51719,165.39
2023-06-29 16:00:00,-25.19,99.02,0,-493,1453,0,166.03
2023-06-30 16:00:00,-24.79,101.5,2480.05,0,24609,-25051,167.92
2023-07-03 16:00:00,-23.8,102,494.6,0,1081,0,165.09
2023-07-04 16:00:00,-23.68,101.42,0,-578.8,0,0,163.92
2023-07-05 16:00:00,-24.27,101.29,0,-129.8,0,0,165.8
2023-07-06 16:00:00,-24.78,102.81,1516.4,0,24682,-24922,169.62
2023-07-07 16:00:00,-25.12,105.87,3065.02,0,24854,-24559,174.93
2023-07-10 16:00:00,-24.75,108.56,2686.75,0,27656,-31372,177.16
2023-07-11 16:00:00,-24.26,110.77,2209.55,0,26639,-26226,178.28
2023-07-12 16:00:00,-24.77,106.51,0,-4259.03,25619,-25956,174.5
2023-07-13 16:00:00,-23.69,111.57,5064.4,0,2053,0,177.25
2023-07-14 16:00:00,-23.68,111.55,0,-24,0,0,177.19
2023-07-17 16:00:00,-24.31,109.15,0,-2399.4,0,0,176.32
2023-07-18 16:00:00,-24.55,111.48,2334.44,0,24939,-26370,180.29
2023-07-19 16:00:00,-24.63,111.15,0,-333.2,0,0,180.15
2023-07-20 16:00:00,-25.16,108.53,0,-2620.05,1403,-1253,178.63
2023-07-21 16:00:00,-25.19,111.05,2521.21,0,27292,-26775,182.11
2023-07-24 16:00:00,-25.52,111.24,185.14,0,24090,-27561.6,183.62
2023-07-25 16:00:00,-23.37,113.34,2103.21,0,24910,-24858,178.4
2023-07-26 16:00:00,-23.53,111.97,0,-1375.37,1320,-1372,177.19
2023-07-27 16:00:00,-23.62,108.95,0,-3015.94,26322,-25420,173.57
2023-07-28 16:00:00,-21.85,108.41,0,-539.87,27876,-26474,166.68
2023-07-31 16:00:00,-21.42,111.82,3413.29,0,0,-712,169.56
2023-08-01 16:00:00,-21.75,113,1174,0,0,0,172.2
2023-08-02 16:00:00,-22.3,111.02,0,-1981.79,26202,-26100,171.58
2023-08-03 16:00:00,-21.61,110.3,0,-711.8,52263,-50380,168.27
2023-08-04 16:00:00,-21.3,107.3,0,-3006.78,24486,-25722,163.41
2023-08-07 16:00:00,-21.9,106.01,0,-1288.86,24395,-24266,163.78
2023-08-08 16:00:00,-22.1,106.04,34.23,0,28785,-27159,164.49
2023-08-09 16:00:00,-22.34,102.91,0,-3129.29,659,-1294,161.28
2023-08-10 16:00:00,-22.18,104.95,2039,0,0,0,163.36
2023-08-11 16:00:00,-23.97,102.55,0,-2397,0,0,166.41
2023-08-14 16:00:00,-24.53,103.15,600,0,0,0,169.18
2023-08-15 16:00:00,-24.71,101.18,0,-1974,0,0,167.21
2023-08-16 16:00:00,-25.26,101.11,0,-67.59,23683,-22680,169.08
2023-08-17 16:00:00,-25.01,103.89,2778.64,0,24822,-23782,171.89
2023-08-18 16:00:00,-25.93,104.86,972.01,0,25250,-25704,176.58
2023-08-21 16:00:00,-27,104.81,0,-50.1,77131,-52699,180.56
2023-08-22 16:00:00,-26.44,104.62,0,-193,0,0,178.17
2023-08-23 16:00:00,-27.64,102.3,0,-2324.97,26052,-24880,179.57
2023-08-24 16:00:00,-27.12,103.56,1267,0,975,0,179.31
2023-08-25 16:00:00,-27.4,100.75,0,-2811,0,0,176.52
2023-08-28 16:00:00,-26.55,103.99,3235.27,0,25668,-27101,177.73
2023-08-29 16:00:00,-25.81,111.3,7312.17,0,24540,-51901,184.81
2023-08-30 16:00:00,-25.85,112.46,1159.66,0,26304,-25732,186.53
2023-08-31 16:00:00,-26.3,113.23,774.97,0,53941,-28080,189.32
2023-09-01 16:00:00,-25.79,115.22,1984.5,0,28934,-55846,190.01
2023-09-04 16:00:00,-24.66,118.09,2866.93,0,26892,0,189.47
2023-09-05 16:00:00,-25.22,117.41,0,-674,0,0,190.73
2023-09-06 16:00:00,-25.39,118.21,798,0,0,0,192.47
2023-09-07 16:00:00,-26.43,114.45,0,-3761.31,26478,-26433,191.49
2023-09-08 16:00:00,-26.8,110.87,0,-3580.59,27459,-25938,188.07
2023-09-11 16:00:00,-26.26,109.85,0,-1019,902,0,184.58
2023-09-12 16:00:00,-26.39,107.86,0,-1993,0,0,182.38
2023-09-13 16:00:00,-26.86,105.99,0,-1868.66,24035,-24192,181.64
2023-09-14 16:00:00,-26.92,104.05,0,-1937.1,23274,-23940,179.21
2023-09-15 16:00:00,-27.41,103.79,0,-255,0,0,180.74
2023-09-18 16:00:00,-27.04,108.05,4253.05,0,861,-955,185.16
2023-09-19 16:00:00,-27.18,104.71,0,-3339,0,0,181.12
2023-09-20 16:00:00,-27.47,103.81,0,-901.98,1666,-981,181
2023-09-21 16:00:00,-28.12,102.7,0,-1103.02,0,-1023,182
2023-09-22 16:00:00,-26.82,106.34,3639,0,0,0,181.96
2023-09-25 16:00:00,-27.29,106.74,394.93,0,23868,-26088,184.34
2023-09-26 16:00:00,-27.72,104.9,0,-1841.72,27265,-27030,183.48
2023-09-27 16:00:00,-27.57,105.78,887.86,0,25170,-50456,184.11
2023-09-28 16:00:00,-27.78,107.97,2187,0,0,0,187.97
2023-10-09 16:00:00,-27.88,105.09,0,-2883.55,51476,-25467,184.37
2023-10-10 16:00:00,-28.42,109.25,4158.1,0,0,-899,192.33
2023-10-11 16:00:00,-28.21,106.78,0,-2465.89,26758,-29754,188.03
2023-10-12 16:00:00,-27.53,107.2,423,0,1119,0,185.91
2023-10-13 16:00:00,-28.29,103.92,0,-3286,0,0,184.37
2023-10-16 16:00:00,-29.02,102.38,0,-1536,0,0,185.12
2023-10-17 16:00:00,-28.76,102.88,503.49,0,0,-23472,184.78
2023-10-18 16:00:00,-29.33,99.3,0,-3582.32,0,0,182.01
2023-10-19 16:00:00,-30.84,99.28,0,-25,2257,0,188.14
2023-10-20 16:00:00,-31.29,99.32,39.48,0,23250,-24265,190.09
2023-10-23 16:00:00,-32,95.25,0,-4069.7,24104,-23436,187.13
2023-10-24 16:00:00,-31.75,101.41,6163.03,0,21840,-24164,195.11
2023-10-25 16:00:00,-31.41,103.26,1848.68,0,24543,-22278,196.34
2023-10-26 16:00:00,-31.22,102.89,0,-370.67,47460,-25714,194.98
2023-10-27 16:00:00,-30.27,106.12,3231.95,0,51578,-47620,195.6
2023-10-30 16:00:00,-29.85,107.72,1602.92,0,75558,-75702,196.11
2023-10-31 16:00:00,-30.07,109.59,1866.41,0,50288,-53463,199.71
2023-11-01 16:00:00,-30.1,110.01,418.68,0,103069,-102002,200.44
2023-11-02 16:00:00,-30.43,108.38,0,-1626.68,22956,-26224,199.53
2023-11-03 16:00:00,-29.85,110.24,1862.59,0,0,-413,199.7
2023-11-06 16:00:00,-28.9,113.59,3350.23,0,26714,-22212,200.41
2023-11-07 16:00:00,-29.15,115.34,1750.22,0,26496,-26796,203.94
2023-11-08 16:00:00,-29.32,118.59,3246.32,0,0,-683,209.27
2023-11-09 16:00:00,-29.28,115.22,0,-3373.42,1514,-1421,204.33
2023-11-10 16:00:00,-29.8,116.46,1246.16,0,53936,-54055,208.35
2023-11-13 16:00:00,-29.94,118.6,2137.5,0,53795,-53516,212.02
2023-11-14 16:00:00,-29.89,119.19,593,0,0,0,212.64
2023-11-15 16:00:00,-29.39,118.53,0,-667,0,0,209.49
2023-11-16 16:00:00,-30.08,118.35,0,-173.85,54166,-53541,212.29
2023-11-17 16:00:00,-30.16,119.48,1128,0,0,0,214.26
2023-11-20 16:00:00,-30,122.3,2819.25,0,0,-753,217.57
2023-11-21 16:00:00,-29.91,120.48,0,-1816.4,27660,-27897,214.57
2023-11-22 16:00:00,-30.62,120.93,450,0,0,0,218.43
2023-11-23 16:00:00,-30.29,122.15,1220.37,0,2160,-1628,218.68
2023-11-24 16:00:00,-30.75,118.91,0,-3244,0,0,216.12
2023-11-27 16:00:00,-31.26,118.43,0,-484,0,0,217.76
2023-11-28 16:00:00,-31.13,121.24,2811,0,0,0,221.24
2023-11-29 16:00:00,-31.72,118.31,0,-2929.23,29135,-27891,219.73
2023-11-30 16:00:00,-31.57,117.22,0,-1091.97,26338,-27129,217.43
2023-12-01 16:00:00,-31.83,118.89,1674.32,0,0,-680,221.09
2023-12-04 16:00:00,-32.27,122.26,3373.88,0,28397,-26962,228.16
2023-12-05 16:00:00,-33.56,116.06,0,-6204.7,0,-700,225.2
2023-12-06 16:00:00,-33.46,118.98,2921.3,0,0,-695,229.1
2023-12-07 16:00:00,-33.62,118.03,0,-952,0,0,228.46
2023-12-08 16:00:00,-33.46,111.61,0,-6417.44,1960,-1436,218.02
2023-12-11 16:00:00,-33.07,114.05,2435.67,0,26234,-26600,219.81
2023-12-12 16:00:00,-32.93,115.56,1516.36,0,27125,-26628,221.4
2023-12-13 16:00:00,-34.05,113.92,0,-1643,0,0,224.37
2023-12-14 16:00:00,-34.39,114.24,322.42,0,25140,-26180,226.54
2023-12-15 16:00:00,-34.59,114.37,127,0,0,0,227.73
2023-12-18 16:00:00,-34.83,112.31,0,-2063.03,25806,-24930,225.78
2023-12-19 16:00:00,-34.74,113.21,902.07,0,24330,-25995,226.71
2023-12-20 16:00:00,-35.46,110.75,0,-2460.95,25758,-24786,226.54
2023-12-21 16:00:00,-34.8,113.03,2285.65,0,24624,-25353,226.73
2023-12-22 16:00:00,-34.68,108.29,0,-4744,0,0,218.88
2023-12-25 16:00:00,-34.48,106.63,0,-1656,667,0,215.37
2023-12-26 16:00:00,-34.92,103.89,0,-2744.87,25201,-24198,213.29
2023-12-27 16:00:00,-34.7,107.43,3542.87,0,23952,-24661,217.66
2023-12-28 16:00:00,-33.17,111.33,3901,0,0,0,216.22
2023-12-29 16:00:00,-32.84,115.06,3731.52,0,1053,-1478,220.22
2024-01-02 16:00:00,-33.72,117.79,2725.04,0,3780,-1964,228.59
2024-01-03 16:00:00,-33.88,115.04,0,-2752.99,49024,-50338,225.23
2024-01-04 16:00:00,-34.49,115.91,873.06,0,26638,-27748,229.58
2024-01-05 16:00:00,-34.84,111.24,0,-4665,0,0,224.19
2024-01-08 16:00:00,-35.68,107.13,0,-4114.1,26324,-25942,222.03
2024-01-09 16:00:00,-35.55,109.9,2767.37,0,0,-1631,225.68
2024-01-10 16:00:00,-35.86,109.02,0,-875.69,1438,-689,225.88
2024-01-11 16:00:00,-35.49,111.49,2464.8,0,25840,-26496,227.84
2024-01-12 16:00:00,-35.72,109.46,0,-2027.08,26240,-26316,225.86
2024-01-15 16:00:00,-35.78,110.96,1504,0,0,0,228.5
2024-01-16 16:00:00,-35.39,111.15,187.51,0,23555,-26600,226.81
2024-01-17 16:00:00,-36.8,110.3,0,-849.96,26292,-23132,232.75
2024-01-18 16:00:00,-35.9,108.14,0,-2161.76,387,-1759,224.71
2024-01-19 16:00:00,-36,108.03,0,-113.1,383,-1100,225.05
2024-01-22 16:00:00,-37,92.01,0,-16016.8,53948,-53199,204.78
2024-01-23 16:00:00,-36.74,89.76,0,-2251.41,115081,-117252,199.97
2024-01-24 16:00:00,-35.86,90.79,1035.52,0,112242,-116007,197.46
2024-01-25 16:00:00,-34.57,98.65,7855.01,0,24663,-23986,203.61
2024-01-26 16:00:00,-34.75,97.89,0,-760.28,24500,-25417,203.28
2024-01-29 16:00:00,-35.33,92.27,0,-5617.38,3555,-380,197.31
2024-01-30 16:00:00,-36.48,84.08,0,-8185.36,0,-361,189.8
2024-01-31 16:00:00,-37.06,74.46,0,-9629.26,23285,-21543,177.18
2024-02-01 16:00:00,-37.02,68.24,0,-6213.87,82258,-81151,167.13
2024-02-02 16:00:00,-37.76,60.03,0,-8214.48,78917,-81387,157.12
2024-02-05 16:00:00,-37.36,42.3,0,-17727.62,39294,-40178,127.17
2024-02-06 16:00:00,-35.18,41.85,0,-447.08,102392,-95881,118.84
2024-02-07 16:00:00,-34.55,33.08,0,-8771.36,99963,-106426,103.33
2024-02-08 16:00:00,-34.14,46.52,13439.39,0,49559,-46503,122.47
2024-02-19 16:00:00,-33.38,55.13,8610.12,0,74521,-72917,132.86
2024-02-20 16:00:00,-33.24,59.25,4118.29,0,37252,-37706,138.54
2024-02-21 16:00:00,-32.34,63,3746.3,0,20066,-18368,140.91
2024-02-22 16:00:00,-31.75,67.44,4443,0,0,0,145.33
2024-02-23 16:00:00,-31.69,73.24,5797.71,0,983,-286,153.61
2024-02-26 16:00:00,-32.41,76.08,2847.5,0,21252,-23339,160.51
2024-02-27 16:00:00,-31.6,79.36,3277.04,0,42308,-44440,162.22
2024-02-28 16:00:00,-32.47,65.76,0,-13605.31,22436,-22755,145.46
2024-02-29 16:00:00,-31.18,72,6246.71,0,21348,-19571,149.93
2024-03-01 16:00:00,-30.75,72.22,218.76,0,21546,-21439,148.69
2024-03-04 16:00:00,-30.69,71.83,0,-388.3,21793,-22242,147.92
2024-03-05 16:00:00,-30.21,69.62,0,-2217,0,0,143.04
2024-03-06 16:00:00,-30.49,72.22,2602.27,0,21903,-22025,147.76
2024-03-07 16:00:00,-30.91,75.61,3393,0,463,0,154.18
2024-03-08 16:00:00,-30.61,75.56,0,-54.01,2361,-1009,153
2024-03-11 16:00:00,-29.75,78.62,3066,0,0,0,154.26
2024-03-12 16:00:00,-29.59,81.65,3029.7,0,23210,-22889,157.99
2024-03-13 16:00:00,-30.08,83.14,1491,0,300,0,161.93
2024-03-14 16:00:00,-30.28,82.38,0,-759.02,22154,-21896,161.59
2024-03-15 16:00:00,-30.12,85.48,3099.89,0,22835,-23440,165.43
2024-03-18 16:00:00,-29.47,89.48,3999.95,0,23072,-22406,168.65
2024-03-19 16:00:00,-29.97,89.58,100.49,0,43420,-46528,170.71
2024-03-20 16:00:00,-29.82,91.42,1836,0,0,0,172.76
2024-03-21 16:00:00,-29.91,92.59,1173.32,0,23936,-24234,174.78
2024-03-22 16:00:00,-30.61,90.2,0,-2398.63,51482,-48890,174.1
2024-03-25 16:00:00,-30.99,84.64,0,-5555.16,46743,-47796,167.56
2024-03-26 16:00:00,-30.64,86.38,1743.22,0,0,-779,168.71
2024-03-27 16:00:00,-31.44,82.76,0,-3622.61,22800,-23670,166.57
2024-03-28 16:00:00,-31.08,85.74,2982.81,0,44995,-43741,169.5
2024-03-29 16:00:00,-30.76,88.94,3197.95,0,21294,-45893,172.88
2024-04-01 16:00:00,-29.62,91.4,2454.22,0,46303,-46208,171.95
2024-04-02 16:00:00,-29.91,94.34,2939.28,0,24732,-26524,177.27
2024-04-03 16:00:00,-30.17,93.7,0,-640,0,0,177.39
2024-04-08 16:00:00,-30.78,86.94,0,-6759.09,24128,-24498,170.07
2024-04-09 16:00:00,-30.84,88.33,1396.17,0,21324,-21104,172.31
2024-04-10 16:00:00,-31.4,82.89,0,-5439.1,46804,-45843,166.6
2024-04-11 16:00:00,-31.41,82.69,0,-200,1328,0,166.35
2024-04-12 16:00:00,-31.97,82.61,0,-84,0,0,168.43
2024-04-15 16:00:00,-30.53,72.86,0,-9747.47,22714,-20504,148.83
2024-04-16 16:00:00,-31.28,59.78,0,-13084.96,42606,-40908,132.51
2024-04-17 16:00:00,-30.21,68.58,8807.57,0,59472,-79079,141.55
2024-04-18 16:00:00,-30.13,65.9,0,-2686.84,41976,-21728,137.44
2024-04-19 16:00:00,-30.68,66.61,715,0,1106,0,140.35
2024-04-22 16:00:00,-30.89,61.89,0,-4721.8,60812,-41457,134.25
2024-04-23 16:00:00,-31.37,64.08,2193.72,0,20075,-20309,139.08
2024-04-24 16:00:00,-31.07,66.88,2796.27,0,561,-20830,142.1
2024-04-25 16:00:00,-30.9,68.66,1775,0,614,0,144.08
2024-04-26 16:00:00,-29.84,69.65,994.1,0,20801,-21710,141.8
2024-04-29 16:00:00,-29.07,69.41,0,-235.35,101541,-83975,138.84
2024-04-30 16:00:00,-29.45,68.28,0,-1139.26,40378,-41128,138.53
2024-05-06 16:00:00,-28.4,74.05,5778.21,0,63264,-60970,143.09
2024-05-07 16:00:00,-28.38,72.92,0,-1131.78,557,-779,141.44
2024-05-08 16:00:00,-28.94,72.63,0,-296,0,0,142.94
2024-05-09 16:00:00,-28.27,75.4,2778,0,0,0,144.53
2024-05-10 16:00:00,-28.24,74.84,0,-562,0,0,143.65
2024-05-13 16:00:00,-28.27,73.29,0,-1551,0,0,141.59
2024-05-14 16:00:00,-28.42,74.95,1660.15,0,20208,-21372,144.41
2024-05-15 16:00:00,-29.03,73.91,0,-1041,1653,0,145.05
2024-05-16 16:00:00,-28.75,75.32,1408,0,0,0,146.06
2024-05-17 16:00:00,-28.01,74.72,0,-598,0,0,142.7
2024-05-20 16:00:00,-27.76,75.45,733,0,0,0,142.87
2024-05-21 16:00:00,-28.05,74.13,0,-1325.05,21801,-21931,142.02
2024-05-22 16:00:00,-27.88,73.93,0,-194,0,0,141.17
2024-05-23 16:00:00,-28.72,69.87,0,-4066.18,21505,-21333,138.31
2024-05-24 16:00:00,-29.51,71.25,1384,0,0,0,142.94
2024-05-27 16:00:00,-28.84,73.73,2474,0,0,0,144.14
2024-05-28 16:00:00,-29.36,72.91,0,-814.37,0,-21056,144.78
2024-05-29 16:00:00,-29.27,72.01,0,-897.16,630,-1158,143.19
2024-05-30 16:00:00,-29.65,69.19,0,-2824.43,21431,0,140.5
2024-05-31 16:00:00,-29.93,68.87,0,-317.67,0,-21286,141
2024-06-03 16:00:00,-29.76,65.5,0,-3371,1006,0,135.62
2024-06-04 16:00:00,-29.23,64.04,0,-1456,20300,-19159,131.79
2024-06-05 16:00:00,-29.64,59.04,0,-5002.05,20178,0,126.04
2024-06-06 16:00:00,-29.69,51.23,0,-7812,0,0,115.09
2024-06-07 16:00:00,-30.04,55.49,4264.24,0,18084,-37946,122.26
2024-06-11 16:00:00,-30.65,54.42,0,-1075.62,20423,0,122.67
2024-06-12 16:00:00,-30.63,58.39,3970.77,0,18317,-18564,128.33
2024-06-13 16:00:00,-30.98,58.18,0,-208.23,0,-20178,129.18
2024-06-14 16:00:00,-30.68,57.9,0,-281.24,19228,-1042,127.78
2024-06-17 16:00:00,-30.78,55.37,0,-2533.13,0,-18408,124.46
2024-06-18 16:00:00,-30.6,56.36,993.25,0,0,-1353,125.3
2024-06-19 16:00:00,-30.93,55.55,0,-815.52,18382,-19852,125.21
2024-06-20 16:00:00,-31.43,53.08,0,-2463.8,971,0,123.25
2024-06-21 16:00:00,-31.58,52.42,0,-664.4,707,0,122.77
2024-06-24 16:00:00,-31.95,47.3,0,-5113.44,18765,-17085.6,116.46
2024-06-25 16:00:00,-32.32,48.01,702.56,0,37405,-36315,118.69
2024-06-26 16:00:00,-31.88,51.28,3271.76,0,18044,-18174,122.08
2024-06-27 16:00:00,-32.39,49.84,0,-1440.08,18468,-18264,121.62
2024-06-28 16:00:00,-32.24,50.58,742.4,0,687,0,122.23
2024-07-01 16:00:00,-31.92,52.33,1749.4,0,0,0,123.75
2024-07-02 16:00:00,-32.05,52.95,624.9,0,18380,-18603,125.09
2024-07-03 16:00:00,-32.21,51.44,0,-1518.01,19384,-20189,123.4
2024-07-04 16:00:00,-32.55,47.24,0,-4193.98,18850,-17940,118.3
2024-07-05 16:00:00,-32.84,48.58,1334.79,0,17280,-18174,121.23
2024-07-08 16:00:00,-33.42,44.7,0,-3874.69,18508,-17340,117.33
2024-07-09 16:00:00,-32.67,45.26,553.12,0,17836,-17640,115.74
2024-07-10 16:00:00,-32.88,43.61,0,-1642.42,18060,0,113.96
2024-07-11 16:00:00,-32.12,49.14,5526.8,0,0,0,119.71
2024-07-12 16:00:00,-32.03,48.14,0,-1002.5,0,-697,117.95
2024-07-15 16:00:00,-31.96,45.35,0,-2784.2,656,0,113.62
2024-07-16 16:00:00,-31.53,44.39,0,-963,0,0,110.88
2024-07-17 16:00:00,-31.46,43.36,0,-1031.96,0,-563,109.16
2024-07-18 16:00:00,-31.08,42.97,0,-389.8,612,0,107.44
2024-07-19 16:00:00,-30.73,43.14,166.76,0,0,-576,106.64
2024-07-22 16:00:00,-31.2,43.77,635.35,0,0,-647,108.97
2024-07-23 16:00:00,-32.67,40.57,0,-3196.45,16992,-17966,108.78
2024-07-24 16:00:00,-33.09,38.74,0,-1833.14,0,-17031,107.35
2024-07-25 16:00:00,-33.46,39.84,1099.04,0,18041,-17346,110.16
2024-07-26 16:00:00,-33.27,41.95,2108.43,0,17458,-17640,112.72
2024-07-29 16:00:00,-33.63,41.49,0,-457.49,17688,-17836,113.18
2024-07-30 16:00:00,-34.05,42.15,656,0,0,0,115.54
2024-07-31 16:00:00,-32.63,45.89,3745.8,0,16679,0,116.55
2024-08-01 16:00:00,-33.07,45.45,0,-440.8,1300,0,117.32
2024-08-02 16:00:00,-33.76,43.87,0,-1580.6,0,0,117.2
2024-08-05 16:00:00,-34.56,42.72,0,-1154.45,17948,-17589,118.09
2024-08-06 16:00:00,-34.57,45.99,3276.73,0,17328,-19134,123.12
2024-08-07 16:00:00,-34.6,45.86,0,-136.1,721,-18228,123.03
2024-08-08 16:00:00,-34.57,46.25,390.66,0,18018,-17794,123.52
2024-08-09 16:00:00,-34.79,45.37,0,-882.51,17394,-18225,122.93
2024-08-12 16:00:00,-34.9,43.91,0,-1455.2,0,0,121.06
2024-08-13 16:00:00,-34.73,45.35,1443.6,0,0,0,122.69
2024-08-14 16:00:00,-35.23,44.37,0,-979.8,0,0,122.9
2024-08-15 16:00:00,-34.59,45.21,830.8,0,0,0,122
2024-08-16 16:00:00,-34.51,42.69,0,-2516.2,627,0,117.88
2024-08-19 16:00:00,-34.29,42.62,0,-67.31,35073,-34763.6,117.04
2024-08-20 16:00:00,-34.77,39.85,0,-2771.18,18195,-17670,114.4
2024-08-21 16:00:00,-34.98,39.79,0,-59.18,17255,0,115
2024-08-22 16:00:00,-35.15,40.54,746.58,0,17263,-17173,116.72
2024-08-23 16:00:00,-34.88,39,0,-1539.28,18252,-18627,113.45
2024-08-26 16:00:00,-34.93,41.14,2144.9,0,34503,-33741,116.9
2024-08-27 16:00:00,-35.3,40.51,0,-637.51,17940,-17268,117.17
2024-08-28 16:00:00,-35.67,40.87,366.4,0,376,-600,118.98
2024-08-29 16:00:00,-35.84,42.18,1303.21,0,0,-16762,121.6
2024-08-30 16:00:00,-34.99,44.84,2664.23,0,17716,-17498,122.8
2024-09-02 16:00:00,-36.09,43.37,0,-1473.83,36148,-37004,124.33
2024-09-03 16:00:00,-35.93,44.3,936,0,304,0,125.22
2024-09-04 16:00:00,-36.34,42.83,0,-1472.63,17551,-18847,124.36
2024-09-05 16:00:00,-36.23,44.53,1700.12,0,17577,-17388,126.64
2024-09-06 16:00:00,-36.75,41.48,0,-3052.52,17792,-17906,123.68
2024-09-09 16:00:00,-37.5,41.1,0,-380.2,17613,0,125.76
2024-09-10 16:00:00,-37.45,42.6,1502.43,0,0,-18128,127.98
2024-09-11 16:00:00,-37.64,41.13,0,-1469.8,17726,-559,126.31
2024-09-12 16:00:00,-37.9,40.03,0,-1101,0,0,125.49
2024-09-13 16:00:00,-38.16,37.99,0,-2040.27,17190,-17008,123.14
2024-09-18 16:00:00,-37.93,36.79,0,-1195.15,375,-150,120.38
2024-09-19 16:00:00,-37.44,41.24,4449.24,0,17053,-17480,125.77
2024-09-20 16:00:00,-37.34,39.97,0,-1277,0,0,123.38
2024-09-23 16:00:00,-37.12,40.95,980.33,0,0,-673,124.16
2024-09-24 16:00:00,-34.39,44.77,3820,0,0,0,120.65
2024-09-25 16:00:00,-33.42,46.68,1911.16,0,0,-17568,120.31
2024-09-26 16:00:00,-30.61,50.29,3617.68,0,0,-322,116.59
2024-09-27 16:00:00,-27.51,55.35,5053.37,0,822,-626,114.31
2024-09-30 16:00:00,-21.36,68.08,12735.14,0,284,-861,113.73
2024-10-08 16:00:00,-16.69,81.02,12935.38,0,22899,-94809,117.28
2024-10-09 16:00:00,-22.57,66.58,0,-14442.35,111405,-21563,115.14
2024-10-10 16:00:00,-21.75,65.67,0,-904.86,21324,-20781,111.72
2024-10-11 16:00:00,-23.92,59.75,0,-5921.77,20830,-20485,109.98
2024-10-14 16:00:00,-22.46,63.55,3804.61,0,20128,-20519,110.92
2024-10-15 16:00:00,-24.53,61.87,0,-1684.78,20665,-19741,114.48
2024-10-16 16:00:00,-25,63.47,1604.55,0,274,-454,117.96
2024-10-17 16:00:00,-25.85,60.65,0,-2825,0,0,116.66
2024-10-18 16:00:00,-23.17,62,1351.85,0,19560,-20278,110.86
2024-10-21 16:00:00,-22.97,63.61,1613.3,0,20396,-19720,112.4
2024-10-22 16:00:00,-22.53,66.51,2896.41,0,20519,-21212,114.93
2024-10-23 16:00:00,-22.23,66.57,56.2,0,40863,-42228,114.18
2024-10-24 16:00:00,-23.1,69.67,3107.4,0,20360,-20425,120.64
2024-10-25 16:00:00,-22.56,77.12,7444.06,0,24942,-24320,128.72
2024-10-28 16:00:00,-22.41,89.58,12461,0,45489,-45472,144.34
2024-10-29 16:00:00,-23.18,91.48,1899.97,0,49632,-52193,149.26
2024-10-30 16:00:00,-23.87,92.74,1256.69,0,51403,-51028,153.17
2024-10-31 16:00:00,-23.84,95.55,2818.37,0,53814,-50996,156.76
2024-11-01 16:00:00,-23.86,91.39,0,-4159.45,71052,-71766,151.37
2024-11-04 16:00:00,-22.79,91.09,0,-309.18,23883,-23220,147.49
2024-11-05 16:00:00,-20.83,91.81,724.88,0,24498,-24049,142.28
2024-11-06 16:00:00,-21.23,92.06,250,0,0,0,143.82
2024-11-07 16:00:00,-18.85,97.86,5796.14,0,24310,-24663,143.82
2024-11-08 16:00:00,-19.67,99.21,1355.13,0,24790,-25970,147.99
2024-11-11 16:00:00,-19.14,101.94,2726.8,0,24771,-25580,149.74
2024-11-12 16:00:00,-20.03,101.02,0,-922.11,25570,-25093,151.37
2024-11-13 16:00:00,-19.54,100.06,0,-954.13,1742,-1128,148.65
2024-11-14 16:00:00,-20.93,94.22,0,-5841.83,592,-833,145.63
2024-11-15 16:00:00,-22.32,91.12,0,-3105,562,0,146.04
2024-11-18 16:00:00,-22.68,87.05,0,-4066.62,24437,-24473,141.92
2024-11-19 16:00:00,-22.16,89.9,2847.65,0,23697,-23691,143.96
2024-11-20 16:00:00,-21.99,93.12,3225.67,0,23408,-24080,147.56
2024-11-21 16:00:00,-21.92,94.82,1698,0,534,0,149.51
2024-11-22 16:00:00,-24.34,88.28,0,-6544,0,0,148.85
2024-11-25 16:00:00,-24.68,94.86,6585.4,0,23511,-22843,158.71
2024-11-26 16:00:00,-24.83,99.82,4962.29,0,25520,-26324,165.82
2024-11-27 16:00:00,-23.53,101.49,1667,0,491,0,163.49
2024-11-28 16:00:00,-24.2,101.38,0,-112,486,0,165.67
2024-11-29 16:00:00,-23.34,103.14,1765.51,0,597,-1488,164.99
2024-12-02 16:00:00,-22.73,106.98,3832.41,0,594,-589,167.87
2024-12-03 16:00:00,-22.65,106.73,0,-243,0,0,167.27
2024-12-04 16:00:00,-23.07,101.85,0,-4885.59,49776,-49736,162.38
2024-12-05 16:00:00,-23.24,104.83,2977.1,0,48416,-49651,166.84
2024-12-06 16:00:00,-22.23,109.89,5068,0,0,0,169.89
2024-12-09 16:00:00,-22.36,111.9,2008.63,0,25954,-26800,172.93
2024-12-10 16:00:00,-21.79,113.67,1765.65,0,30163,-30960,173.2
2024-12-11 16:00:00,-21.93,118.23,4564.58,0,27814,-26550,179.53
2024-12-12 16:00:00,-21.15,124.53,6293.13,0,28194,-29196,184.76
2024-12-13 16:00:00,-23.01,120.74,0,-3781.05,28280,-28496,186.71
2024-12-16 16:00:00,-23.43,122.19,1450,0,2726,0,190.18
2024-12-17 16:00:00,-23.23,109.27,0,-12921,0,0,172.59
2024-12-18 16:00:00,-22.84,110.86,1583.09,0,962,-908,173.28
2024-12-19 16:00:00,-22.77,112.23,1370,0,1080,-2997,174.8
2024-12-20 16:00:00,-23.12,111.55,0,-678,2917,0,175.17
2024-12-23 16:00:00,-23.01,100.56,0,-10984.74,27047,-27792,160.5
2024-12-24 16:00:00,-22.03,98.44,0,-2123.12,75389,-76184,154.51
2024-12-25 16:00:00,-21.99,90.44,0,-8003.65,71440,-73359,144.12
2024-12-26 16:00:00,-21.95,92.06,1625.1,0,47311,-45282,146.07
2024-12-27 16:00:00,-22.08,96.27,4204.29,0,22944,-23177,151.89
2024-12-30 16:00:00,-21.73,91.01,0,-5260.4,23472,-25138,144.04
2024-12-31 16:00:00,-22.98,91.81,804,0,2064,0,149.04
2025-01-02 16:00:00,-25.22,92.67,860.45,0,21985,-24690,157.65
2025-01-03 16:00:00,-26.11,83.71,0,-8956.18,2994,-1180,148.63
2025-01-06 16:00:00,-26.23,80.4,0,-3311.68,44852,-44888,144.54
2025-01-07 16:00:00,-25.7,84.22,3816.5,0,44416,-44748,147.94
2025-01-08 16:00:00,-25.83,85.14,919.37,0,45056,-44705,149.62
2025-01-09 16:00:00,-26.02,84.4,0,-734.8,24027,-23100,149.26
2025-01-10 16:00:00,-26.94,78.88,0,-5520,511,0,144.84
2025-01-13 16:00:00,-27.14,80.18,1294.32,0,21282,-21840,147.3
2025-01-14 16:00:00,-25.22,89.45,9269.98,0,21700,-23050,153.34
2025-01-15 16:00:00,-25.7,90.45,998.8,0,23663,-22491,156.33
2025-01-16 16:00:00,-25.61,92.01,1561,0,654,0,158.11
2025-01-17 16:00:00,-25.38,91.7,0,-307.33,0,-333,156.9
2025-01-20 16:00:00,-25.04,93.13,1433.17,0,0,-829,157.64
2025-01-21 16:00:00,-24.98,90.21,0,-2923.56,1278,-561,153.55
2025-01-22 16:00:00,-25.68,87.66,0,-2544.86,326,-858,152.5
2025-01-23 16:00:00,-25.55,88.88,1212,0,0,0,153.7
2025-01-24 16:00:00,-24.98,89.85,974,0,732,0,153.07
2025-01-27 16:00:00,-25.29,91.87,2018.03,0,0,-970,156.82
2025-02-05 16:00:00,-25.72,91.03,0,-842.54,25455,-25247,157.18
2025-02-06 16:00:00,-24.78,92.34,1316.12,0,1387,-878,155.7
2025-02-07 16:00:00,-23.81,93.8,1454.17,0,21940,-22496,154.36
2025-02-10 16:00:00,-23.64,98.05,4252.24,0,22992,-23295,159.36
2025-02-11 16:00:00,-23.99,96.24,0,-1809.78,24120,-23577,158.18
2025-02-12 16:00:00,-23.28,96.18,0,-60,0,0,155.71
2025-02-13 16:00:00,-23.56,94.77,0,-1410,0,0,154.8
2025-02-14 16:00:00,-22.9,92.23,0,-2539,0,0,149.33
2025-02-17 16:00:00,-22.74,96.01,3780.12,0,22992,-23832,153.7
2025-02-18 16:00:00,-23.41,89.82,0,-6193.53,0,-526,147.84
2025-02-19 16:00:00,-22.88,92.22,2407.56,0,525,-439,149.25
2025-02-20 16:00:00,-23.1,93.21,984,0,0,0,151.25
2025-02-21 16:00:00,-22.13,91.47,0,-1739,0,0,145.88
2025-02-24 16:00:00,-22.3,93.62,2148,0,435,0,149.19
2025-02-25 16:00:00,-23.16,91.79,0,-1830,523,0,149.6
2025-02-26 16:00:00,-22.49,93.15,1366,0,0,0,149.19
2025-02-27 16:00:00,-22.33,93.36,206,0,0,0,148.95
2025-02-28 16:00:00,-23.86,90.58,0,-2779,0,0,150.3
2025-03-03 16:00:00,-23.89,92.2,1621.54,0,23652,-23360,152.53
2025-03-04 16:00:00,-23.95,94.16,1956,0,0,0,155.31
2025-03-05 16:00:00,-23.61,91.41,0,-2747,328,0,150.57
2025-03-06 16:00:00,-22.56,93.4,1989.84,0,23632,-23902,149.74
2025-03-07 16:00:00,-22.8,92.07,0,-1332,0,0,148.8
2025-03-10 16:00:00,-23.1,93.89,1825.67,0,23976,-23952,152.13
2025-03-11 16:00:00,-22.85,96.58,2685,0,0,0,154.8
2025-03-12 16:00:00,-23.13,96.44,0,-137.23,24385,-24864,155.55
2025-03-13 16:00:00,-23.44,96.36,0,-78,0,0,156.48
2025-03-14 16:00:00,-21.58,99.65,3284.65,0,23761,-23368,154.59
2025-03-17 16:00:00,-21.77,101.43,1779,0,0,0,157.48
2025-03-18 16:00:00,-21.56,101.49,64.89,0,23897,-23800,156.87
2025-03-19 16:00:00,-21.51,99.89,0,-1598.17,23870,-23851,154.67
2025-03-20 16:00:00,-22.2,99.54,0,-352,0,0,156.48
2025-03-21 16:00:00,-23.38,97.16,0,-2386.58,23966,-24150,157.32
2025-03-24 16:00:00,-22.98,90.18,0,-6970.98,23055,-23897,146.92
2025-03-25 16:00:00,-23.03,90.35,165.09,0,47401,-48340,147.3
2025-03-26 16:00:00,-23.29,94.92,4572.31,0,24575,-24430,154.1
2025-03-27 16:00:00,-23.03,95.83,905.34,0,23355,-24450,154.42
2025-03-28 16:00:00,-23.37,94.42,0,-1408.68,1974,-1677,153.71
2025-03-31 16:00:00,-23.91,91.84,0,-2583.79,25825,-25815,152.12
2025-04-01 16:00:00,-23.91,98.09,6252,0,992,0,160.34
2025-04-02 16:00:00,-23.97,96.85,0,-1242.13,24552,-26436,158.91
2025-04-03 16:00:00,-24.42,98,1154,0,2830,0,161.97
2025-04-07 16:00:00,-29.74,78.67,0,-19331.18,24622,-26312,154.3
2025-04-08 16:00:00,-28.54,77.4,0,-1267.28,44507,-42587,148.25
2025-04-09 16:00:00,-27.84,80.98,3577.02,0,42660,-42938,150.8
2025-04-10 16:00:00,-26.89,85.62,4645.47,0,22937,-23648,153.89
2025-04-11 16:00:00,-26.59,86.85,1223,0,303,0,154.53
2025-04-14 16:00:00,-26.42,91.43,4586.9,0,929,-2098,160.17
2025-04-15 16:00:00,-26.38,91.64,203,0,423,0,160.31
2025-04-16 16:00:00,-26.15,88.64,0,-2999,0,0,155.44
2025-04-17 16:00:00,-26.17,93.97,5328.24,0,951,-1760,162.73
2025-04-18 16:00:00,-26.16,95.7,1733.76,0,2954,-27104,165.03
2025-04-21 16:00:00,-25.92,93.48,0,-2222.03,1832,-23173,161.18
2025-04-22 16:00:00,-25.94,90.97,0,-2505.11,26259,-978,157.86
2025-04-23 16:00:00,-25.88,89.03,0,-1937.55,23887,-24833,155.03
2025-04-24 16:00:00,-25.93,92.38,3348.34,0,24592,-1575,159.73
2025-04-25 16:00:00,-25.88,91.61,0,-773.64,2374,-27232,158.51
2025-04-28 16:00:00,-25.98,86.57,0,-5034.05,114277,-117511,152.05
2025-04-29 16:00:00,-26.11,88.39,1816,0,960,0,154.96
2025-04-30 16:00:00,-26.2,89.32,924.21,0,68468,-71729,156.53
2025-05-06 16:00:00,-25.45,92.37,3050.14,0,23576,-22916,158.04
2025-05-07 16:00:00,-25,94.48,2119,0,0,0,159.31
2025-05-08 16:00:00,-24.59,101.16,6672,0,1049,0,166.76
2025-05-09 16:00:00,-24.72,102.89,1737.95,0,29269,-30490,169.51
2025-05-12 16:00:00,-23.85,102.97,78.29,0,25855,-24678,166.54
2025-05-13 16:00:00,-23.74,101.91,0,-1065,0,0,164.77
2025-05-14 16:00:00,-22.82,101.76,0,-150,0,0,161.41
2025-05-15 16:00:00,-23.52,101.62,0,-138,0,0,163.62
2025-05-16 16:00:00,-23.88,101.6,0,-17,1049,0,164.84
2025-05-19 16:00:00,-24.11,105.97,4364.05,0,25012,-25831,171.41
2025-05-20 16:00:00,-23.7,108.28,2313.6,0,25625,-25935,172.98
2025-05-21 16:00:00,-23.34,107.72,0,-560.5,23712,-26448,170.96
2025-05-22 16:00:00,-23.39,105.96,0,-1758,0,0,168.84
2025-05-23 16:00:00,-24.01,104.62,0,-1343.15,24920,-23592,169.27
2025-05-26 16:00:00,-24.44,104.76,143.98,0,24467,-25280,170.99
2025-05-27 16:00:00,-24.85,105.96,1198,0,0,0,174.07
2025-05-28 16:00:00,-24.91,105.14,0,-816,0,0,173.19
2025-05-29 16:00:00,-24.47,109.5,4357.18,0,25620,-23952,177.37
2025-05-30 16:00:00,-24.83,107.67,0,-1832,0,0,176.27
2025-06-03 16:00:00,-24.6,108.22,550.37,0,25530,-25360,176.15
2025-06-04 16:00:00,-24.28,114.07,5851,0,369,0,182.71
2025-06-05 16:00:00,-24.1,111.64,0,-2432.95,27119,-27790,178.84
2025-06-06 16:00:00,-24.17,112.49,848.11,0,26316,0,180.22
2025-06-09 16:00:00,-23.95,113.32,838,0,618,0,180.5
2025-06-10 16:00:00,-24.34,112.2,0,-1128.8,384,0,180.47
2025-06-11 16:00:00,-23.77,112.06,0,-134.2,376,0,178.18
2025-06-12 16:00:00,-23.82,111.6,0,-465.83,0,-635,177.76
2025-06-13 16:00:00,-24.37,108.08,0,-3516.8,368,0,175.13
2025-06-16 16:00:00,-24.18,108.38,300.2,0,360,0,174.84
2025-06-17 16:00:00,-24.24,110.39,2013.8,0,0,0,177.71
2025-06-18 16:00:00,-24.15,106.61,0,-3781.55,1241,-752,172.39
2025-06-19 16:00:00,-24.78,101.75,0,-4864.2,0,0,168.21
2025-06-20 16:00:00,-24.71,100.24,0,-1509.2,0,0,165.96
2025-06-23 16:00:00,-24.49,103.82,3583.14,0,0,0,169.92
2025-06-24 16:00:00,-23.59,107.59,3770.32,0,25527,-50631,171.68
2025-06-25 16:00:00,-22.49,109.08,1485.8,0,0,0,169.75
2025-06-26 16:00:00,-22.76,108.02,0,-1061.31,51408,-26532,169.32
2025-06-27 16:00:00,-23.24,110.13,2113.68,0,25938,-26110,173.75
2025-06-30 16:00:00,-22.96,110.89,758.4,0,0,0,173.74
2025-07-01 16:00:00,-22.83,116.84,5950.66,0,620,-1344,180.99
2025-07-02 16:00:00,-22.81,116.66,0,-180.61,27352,-29940,180.68
2025-07-03 16:00:00,-22.33,117.97,1311.8,0,380,0,180.64
2025-07-04 16:00:00,-22.05,119.53,1562.21,0,0,-390,181.63
2025-07-07 16:00:00,-22.39,125.58,6051.28,0,5821,-1516,190.66
2025-07-08 16:00:00,-21.74,123.44,0,-2140.67,0,-28208,185.51
2025-07-09 16:00:00,-21.87,122.92,0,-522.8,0,0,185.32
2025-07-10 16:00:00,-21.51,122.9,0,-17.6,378,0,183.99
2025-07-11 16:00:00,-21.42,123.23,328.17,0,0,-834,184.08
2025-07-14 16:00:00,-21.36,124.63,1398.53,0,1432,-866,185.64
2025-07-15 16:00:00,-21.33,121.25,0,-3380.04,28272,0,181.24
2025-07-16 16:00:00,-21.57,121.8,548.29,0,25344,-26544,182.8
2025-07-17 16:00:00,-21.03,122.36,565.2,0,0,0,181.58
2025-07-18 16:00:00,-20.56,123.04,673.6,0,0,0,180.77
2025-07-21 16:00:00,-20.03,125.06,2024,0,0,0,181.43
2025-07-22 16:00:00,-19.38,124.44,0,-616.59,1968,-388,178.39
2025-07-23 16:00:00,-19.36,125.97,1523.07,0,26440,-27713,180.22
2025-07-24 16:00:00,-18.79,126.05,79.6,0,419,0,178.35
2025-07-25 16:00:00,-19.22,122.61,0,-3432.52,25884,-25910,175.58
2025-07-28 16:00:00,-19.05,123.38,764.84,0,26649,-25974,175.95
2025-07-29 16:00:00,-18.73,121.66,0,-1715,0,0,172.75
2025-07-30 16:00:00,-18.75,121.74,79.43,0,24875,-27048,172.91
2025-07-31 16:00:00,-20.23,117.51,0,-4228.8,0,0,172.67
2025-08-01 16:00:00,-20.63,120.33,2819.6,0,0,0,177.6
2025-08-04 16:00:00,-20.32,121.06,727.4,0,410,0,177.43
2025-08-05 16:00:00,-19.68,123.37,2306.2,0,0,0,178.1
2025-08-06 16:00:00,-19.49,122.27,0,-1093.94,2838,-1541,176.08
2025-08-07 16:00:00,-19.46,121.18,0,-1093.4,0,0,174.62
2025-08-08 16:00:00,-19.65,121.7,523.2,0,0,0,175.92
2025-08-11 16:00:00,-19.31,124.54,2842,0,0,0,178.27
2025-08-12 16:00:00,-18.89,124.88,337,0,0,0,177.25
2025-08-13 16:00:00,-18.25,126.58,1695.17,0,338,-429,177.16
2025-08-14 16:00:00,-18.31,121.61,0,-4967.12,31301,-30857.6,171.28
2025-08-15 16:00:00,-17.75,121.92,314,0,25908,-27101,169.81
2025-08-18 16:00:00,-17.02,124.18,2260.5,0,28884,-27920,170.16
2025-08-19 16:00:00,-17.33,126.74,2556.66,0,0,-336,174.27
2025-08-20 16:00:00,-16.39,128.08,1343,0,0,0,172.79
2025-08-21 16:00:00,-16.07,130.31,2228.6,0,28440,-28442,174.41
2025-08-22 16:00:00,-14.31,127.66,0,-2653.69,28552,-28560,165.68
2025-08-25 16:00:00,-12.52,127.51,0,-146.51,51768,-56138,160.07
2025-08-26 16:00:00,-12.85,128.9,1392,0,0,0,162.65
2025-08-27 16:00:00,-14.15,124.74,0,-4165.35,0,-350,161.78
2025-08-28 16:00:00,-12.63,122.44,0,-2301.57,107538,-107932,154.6
2025-08-29 16:00:00,-11.98,120.93,0,-1504.82,2413,-1825,151
2025-09-01 16:00:00,-11.46,121.94,1009.19,0,83265,-82572,150.67
2025-09-02 16:00:00,-12.11,119.39,0,-2553,465,0,149.62
2025-09-03 16:00:00,-12.71,113.18,0,-6207,0,0,144.22
2025-09-04 16:00:00,-14.56,117.01,3826.98,0,25891,-26352,153.99
2025-09-05 16:00:00,-12.7,119.02,2014.61,0,27046,-25704,150.88
2025-09-08 16:00:00,-12.55,122.98,3953,0,0,0,154.98
2025-09-09 16:00:00,-13.17,120,0,-2973.36,1070,-357,153.37
2025-09-10 16:00:00,-12.99,120.87,862.53,0,0,-466,153.84
2025-09-11 16:00:00,-10.98,121.31,446,0,0,0,148.61
2025-09-12 16:00:00,-11.49,123.43,2118,0,0,0,152.43
2025-09-15 16:00:00,-11.27,122.61,0,-824.51,1920,-1505,150.88
2025-09-16 16:00:00,-11.46,127.41,4805,0,0,0,156.84
2025-09-17 16:00:00,-10.92,126.86,0,-552.92,28754,-29070,154.67
2025-09-18 16:00:00,-11.96,123.83,0,-3022.21,0,-2210,154.24
2025-09-19 16:00:00,-11.88,121.87,0,-1967,0,0,151.78
2025-09-22 16:00:00,-11.48,119.41,0,-2458.89,28633,-26624,147.86
2025-09-23 16:00:00,-11.53,114.78,0,-4630.13,26520,-27824,142.77
2025-09-24 16:00:00,-10.63,117.95,3175.51,0,26404,-24284,143.87
2025-09-25 16:00:00,-10.09,118.38,420.88,0,577,-1118,142.89
2025-09-26 16:00:00,-10.94,119.85,1477.01,0,29925,-31650,146.86
2025-09-29 16:00:00,-9.57,121.7,1851,0,3376,0,145.16
2025-09-30 16:00:00,-9.17,121.45,0,-254,2432,-2998,143.81
2025-10-09 16:00:00,-7.82,120.6,0,-853.65,1217,-1647,139.31
2025-10-10 16:00:00,-9.63,123.89,3294.51,0,28782,-28170,147.75
2025-10-13 16:00:00,-10.08,124.77,878,0,0,0,149.97
2025-10-14 16:00:00,-11.16,127.69,2922.05,0,28034,-32398,156.29
2025-10-15 16:00:00,-9.84,135.23,7543.37,0,30840,-31510,160.9
2025-10-16 16:00:00,-9.6,134.05,0,-1186.38,57715,-60135,158.9
2025-10-17 16:00:00,-11.64,128.93,0,-5114.41,29605,-29070,159.09
2025-10-20 16:00:00,-11.17,131.5,2567,0,3668,0,160.61
2025-10-21 16:00:00,-9.81,135.16,3658,0,0,0,160.74
2025-10-22 16:00:00,-10.11,135.98,821.64,0,0,-365,162.52
2025-10-23 16:00:00,-9.84,138.09,2112,0,2440,0,164.07
2025-10-24 16:00:00,-8.77,136.37,0,-1726.41,29564,-28875,159.09
2025-10-27 16:00:00,-7.69,142,5638.05,0,28848,-30492,162.16
2025-10-28 16:00:00,-8.16,147.5,5499.5,0,1745,-2496,169.49
2025-10-29 16:00:00,-7.07,146.32,0,-1182.64,91186,-94370,165.06
2025-10-30 16:00:00,-7.81,145.71,0,-611.74,92672,-90344,166.53
2025-10-31 16:00:00,-9.17,151.11,5397.25,0,60589,-59168,176.46
2025-11-03 16:00:00,-8.92,150,0,-1104.97,33493,-33144,174.48
2025-11-04 16:00:00,-9.6,148.54,0,-1462.34,29268,-30621,174.93
2025-11-05 16:00:00,-9.43,153.91,5373.64,0,0,-361,180.35
2025-11-06 16:00:00,-8.13,151.07,0,-2844.03,0,-1028,173.29
2025-11-07 16:00:00,-8.42,151.02,0,-49.68,31310,-28240,174.1
2025-11-10 16:00:00,-8.1,153.17,2152.48,0,28789,-33264,175.48
2025-11-11 16:00:00,-8.94,152.97,0,-197,0,0,177.81
2025-11-12 16:00:00,-9.06,152.75,0,-225,1312,0,177.93
2025-11-13 16:00:00,-7.96,156.48,3729,0,342,0,178.66
2025-11-14 16:00:00,-9.41,157.49,1009.64,0,676,-1356,184.24
2025-11-17 16:00:00,-10,163.08,5589.62,0,5980,-3385,192.31
2025-11-18 16:00:00,-10.59,164.75,1673.15,0,34615,-36489,196.11
2025-11-19 16:00:00,-10.19,161,0,-3754.34,36909,-41360,190.61
2025-11-20 16:00:00,-10.65,157.83,0,-3168,946,0,188.56
2025-11-21 16:00:00,-12.83,147.11,0,-10718.35,33840,-31374,183.48
2025-11-24 16:00:00,-12.94,150.04,2928.08,0,60728,-60540,187.2
2025-11-25 16:00:00,-12.11,152.42,2381.44,0,57448,-61020,187.2
2025-11-26 16:00:00,-11.57,152.33,0,-89,0,0,185.34
2025-11-27 16:00:00,-11.62,152.85,519,0,0,0,186.09
2025-11-28 16:00:00,-11.4,155.99,3139,0,0,0,188.93
2025-12-01 16:00:00,-10.42,159.48,3496.96,0,31023,-28259,189.66
2025-12-02 16:00:00,-10.86,158.69,0,-797.09,32687,-35730,190.21
2025-12-03 16:00:00,-11.31,158.09,0,-600,0,0,191
2025-12-04 16:00:00,-11.01,155.33,0,-2761,1037,0,186.92
2025-12-05 16:00:00,-10.27,159.81,4486,0,431,0,189.55
2025-12-08 16:00:00,-9.54,161.61,1801.49,0,4538,-4506,189.2
2025-12-09 16:00:00,-10,158.05,0,-3566,1376,0,186.72
2025-12-10 16:00:00,-10.12,157.41,0,-643,1803,0,186.39
2025-12-11 16:00:00,-10.9,152.16,0,-5244,0,0,183.01
2025-12-12 16:00:00,-10.34,152.61,448.95,0,62158,-63686,181.74
2025-12-15 16:00:00,-10.9,153.62,1011.37,0,31493,-31680,184.65
2025-12-16 16:00:00,-11.97,148.96,0,-4665.33,30600,-30114,182.81
2025-12-17 16:00:00,-10.36,150.65,1691.79,0,29592,-30256,179.62
2025-12-18 16:00:00,-10.89,153,2351.14,0,30473,-31587,183.92
2025-12-19 16:00:00,-10.59,157.84,4840.29,0,31171,-29601,188.38
2025-12-22 16:00:00,-9.74,156.84,0,-1001.86,30420,-32433,184.56
2025-12-23 16:00:00,-9.56,153.98,0,-2855,0,0,180.83
2025-12-24 16:00:00,-9.3,156.44,2455,0,0,0,182.73
2025-12-25 16:00:00,-9.13,158.71,2277,0,1139,0,184.7
2025-12-26 16:00:00,-8.84,156.56,0,-2157.26,31872,-32076,181.44
2025-12-29 16:00:00,-9.19,155.79,0,-763,0,0,181.68
2025-12-30 16:00:00,-8.96,155.49,0,-304,0,0,180.63
2025-12-31 16:00:00,-9.38,156.86,1366,0,402,0,183.45
2026-01-05 16:00:00,-7.66,157.39,538,0,0,0,178.74
2026-01-06 16:00:00,-6.23,160.92,3523,0,0,0,178.26
2026-01-07 16:00:00,-6.5,161.43,511.32,0,0,-2676,179.6
2026-01-08 16:00:00,-7.27,163.38,1950.54,0,2467,-457,184.03
2026-01-09 16:00:00,-6.85,164.63,1250.29,0,32352,-32416,184.09
2026-01-12 16:00:00,-6.25,165.26,635,0,0,0,182.94
2026-01-13 16:00:00,-6.81,170.63,5363.67,0,34716,-33024,190.41
2026-01-14 16:00:00,-7.18,170.83,199.38,0,2049,-4617,191.78
2026-01-15 16:00:00,-7,166.99,0,-3839,1151,0,187.09
2026-01-16 16:00:00,-7.38,170.17,3183,0,0,0,191.7
2026-01-19 16:00:00,-7.33,175.88,5709.69,0,33975,-34408,197.7
2026-01-20 16:00:00,-7.64,178.4,2519.3,0,33835,-34515,201.43
2026-01-21 16:00:00,-7.55,178.22,0,-178.8,35807,-33737,200.94
2026-01-22 16:00:00,-7.54,179.38,1157,0,1082,0,202.16
2026-01-23 16:00:00,-7.96,178.94,0,-438,500,0,203.06
2026-01-26 16:00:00,-7.87,180.92,1981.27,0,33636,-34336,204.92
2026-01-27 16:00:00,-7.89,174.28,0,-6646,1390,0,197.77
2026-01-28 16:00:00,-7.65,169.32,0,-4960.29,483,-2291,191.63
2026-01-29 16:00:00,-6.95,171.18,1865.52,0,0,-484,191.43
2026-01-30 16:00:00,-7.88,175.92,4739.41,0,2575,-2590,199.52
2026-02-02 16:00:00,-9.85,172.9,0,-3023.29,32384,-36873,202.72
2026-02-03 16:00:00,-8.79,177.75,4847.85,0,34282,-32208,204.52
2026-02-04 16:00:00,-8.03,177.01,0,-734.45,35704,-37746,201.2
2026-02-05 16:00:00,-8.58,180.01,3000,0,536,0,206.29
2026-02-06 16:00:00,-9.11,183.24,3231.86,0,2690,-1138,211.63
2026-02-09 16:00:00,-7.63,183.57,328,0,0,0,206.99
2026-02-10 16:00:00,-7.53,184.23,662,0,539,0,207.38
2026-02-11 16:00:00,-7.73,181.14,0,-3097,1048,0,204.69
2026-02-12 16:00:00,-7.62,179.61,0,-1523,0,0,202.67
2026-02-13 16:00:00,-8.78,178.41,0,-1205.52,1338,-524,205.21
2026-02-24 16:00:00,-7.86,186.16,7749.82,0,0,-1182,210.57
2026-02-25 16:00:00,-7.3,188.46,2301,0,0,0,211.18
2026-02-26 16:00:00,-7.48,189.86,1407,0,0,0,213.29
2026-02-27 16:00:00,-7.8,192.11,2246,0,1333,0,216.82
2026-03-02 16:00:00,-7.44,183.96,0,-8152,1201,0,206.78
2026-03-03 16:00:00,-8.87,175.94,0,-8020,0,0,202.8
2026-03-04 16:00:00,-9.91,173.33,0,-2609.46,34263,-33489,203.4
2026-03-05 16:00:00,-9.03,176.43,3096.41,0,34544,-35559,203.87
2026-03-06 16:00:00,-8.78,181.12,4691.75,0,0,-1253,208.18
2026-03-09 16:00:00,-9.66,177.55,0,-3564.92,1000,-2923,207.23
2026-03-10 16:00:00,-8.5,183.51,5961.49,0,0,-508,209.85
2026-03-11 16:00:00,-7.92,179.95,0,-3565,0,0,204.03
2026-03-12 16:00:00,-8.25,182.75,2797.79,0,0,-1210,208.17
2026-03-13 16:00:00,-8.61,186.79,4039.9,0,41416,-41292,213.81
2026-03-16 16:00:00,-8.56,187.8,1013.96,0,42564,-37932,214.74
2026-03-17 16:00:00,-9.23,182.53,0,-5275,0,0,211.26
2026-03-18 16:00:00,-8.82,187.14,4617,0,1657,0,214.92
2026-03-19 16:00:00,-10.29,178.82,0,-8320,0,0,210.8
2026-03-20 16:00:00,-10.61,169.92,0,-8903.48,0,-481,201.96
2026-03-23 16:00:00,-13.53,151.35,0,-18572.47,65206,-64544,190.68
2026-03-24 16:00:00,-12.41,162.2,10856.27,0,63036,-63704,199.35
2026-03-25 16:00:00,-11.19,164.6,2393.62,0,32636,-32759,197.94
2026-03-26 16:00:00,-12.36,160.71,0,-3889,0,0,197.48
2026-03-27 16:00:00,-11.87,164.12,3408.17,0,31200,-31898,199.69
2026-03-30 16:00:00,-12.08,165.52,1406.08,0,32179,-33572,202
2026-03-31 16:00:00,-12.9,160.74,0,-4780.17,1200,-1167,199.36
2026-04-01 16:00:00,-11.41,167.02,6274,0,0,0,201.41
2026-04-02 16:00:00,-12.33,163.61,0,-3401,1647,0,200.68
2026-04-03 16:00:00,-13.08,155.19,0,-8423,0,0,193.59
2026-04-07 16:00:00,-13.08,161.61,6415.96,0,31816,-31920,200.98
2026-04-08 16:00:00,-10.05,172.37,10762.87,0,32512,-33368,202.8
2026-04-09 16:00:00,-10.62,168.68,0,-3691.15,0,-2147,200.6
2026-04-10 16:00:00,-9.25,172.45,3770.2,0,33372,-32144,200.22
2026-04-13 16:00:00,-9.06,169.72,0,-2730.05,35324,-33008,196.59
2026-04-14 16:00:00,-7.98,170.85,1125.61,0,33400,-34133,194.34
2026-04-15 16:00:00,-8.29,166.87,0,-3972.23,33432,-35539,190.99
2026-04-16 16:00:00,-7.29,177.23,10354.04,0,34073,-33012,199.03
2026-04-17 16:00:00,-7.44,181.46,4235.84,0,36719,-36986,204.08
2026-04-20 16:00:00,-6.88,186.46,4994.75,0,70490,-71848,207.62
2026-04-21 16:00:00,-6.67,190.6,4137.66,0,40253,-38367,211.37
2026-04-22 16:00:00,-6.06,186.9,0,-3697.9,37876,-41310,205.41
2026-04-23 16:00:00,-6.32,180.04,0,-6858.52,38609,-36120,198.93
2026-04-24 16:00:00,-6.65,175.7,0,-4342,1266,0,195.34
2026-04-27 16:00:00,-6.62,179.79,4091.66,0,66167,-65541,199.63
2026-04-28 16:00:00,-6.87,177.12,0,-2669.1,1682,-3099,197.56
2026-04-29 16:00:00,-5.85,181.05,3927.82,0,101918,-102920,198.51
2026-04-30 16:00:00,-5.9,182.52,1468.36,0,105160,-104450,200.23
2026-05-06 16:00:00,-4.54,186.04,3520.75,0,69732,-71458,199.64
2026-05-07 16:00:00,-4.08,189.07,3028.92,0,36159,-36480,201.37
2026-05-08 16:00:00,-4.64,194.84,5770,0,624,0,209.19
2026-05-11 16:00:00,-3.08,193.7,0,-1130.8,37959,-40572,203.03
2026-05-12 16:00:00,-3.15,193.13,0,-579,943,0,202.66
2026-05-13 16:00:00,-2.17,199.62,6496.38,0,2722,-2623,206.27
2026-05-14 16:00:00,-3.8,196.7,0,-2918.28,40183,-40770,208.42
2026-05-15 16:00:00,-4.88,195.24,0,-1461.81,36805,-37654,210.39
2026-05-18 16:00:00,-5.39,199.17,3928.53,0,38636,-38922,216.21
2026-05-19 16:00:00,-5.01,205.75,6583.82,0,77275,-75922,221.88
2026-05-20 16:00:00,-5.06,204.98,0,-775.23,3129,-1227,221.23
2026-05-21 16:00:00,-6.38,193.78,0,-11198.44,38106,-41680,213.8
2026-05-22 16:00:00,-5.17,198.51,4725.87,0,36900,-36366,214.78
2026-05-25 16:00:00,-3.67,194.67,0,-3839.21,39037,-37728,205.9
2026-05-26 16:00:00,-3.15,190.53,0,-4135,698,0,199.98
2026-05-27 16:00:00,-3.93,185.03,0,-5506.27,3492,-2266,196.69
2026-05-28 16:00:00,-3.81,187.28,2258.49,0,70298,-71861,198.66
2026-05-29 16:00:00,-4.24,182.8,0,-4483.13,73566,-71723,195.32
2026-06-01 16:00:00,-5.18,193.66,10859.08,0,70284,-71826,209.7
2026-06-02 16:00:00,-3.81,189.36,0,-4300.25,75260,-75802,200.82
2026-06-03 16:00:00,-3.33,186.42,0,-2940.9,34476,-35816,196.29
2026-06-04 16:00:00,-4,179.27,0,-7147,35332,-34152,190.91
2026-06-05 16:00:00,-5.72,176.03,0,-3240.38,34961,-32448,192.78
2026-06-08 16:00:00,-7.74,167.45,0,-8576.79,31824,-31850,189.89
2026-06-09 16:00:00,-6.01,166.97,0,-481.91,33344,-33665,184.04
2026-06-10 16:00:00,-7.05,162.71,0,-4258.18,32592,-32992,182.64
2026-06-11 16:00:00,-7.57,160.86,0,-1853.03,64170,-65564,182.22
2026-06-12 16:00:00,-6.49,162.89,2030.33,0,65255,-65088.21,181.14
2026-06-15 16:00:00,-4.25,163.56,663.32,0,1019,0,175.26
2026-06-16 16:00:00,-4.4,163.56,6,0,0,0,175.69
2026-06-17 16:00:00,-3.48,158.61,0,-4947.07,523,-1066,167.93
2026-06-18 16:00:00,-3.28,157.74,0,-873.04,0,0,166.48
2026-06-22 16:00:00,-0.97,160.7,2956.43,0,63788,-62641,163.25
2026-06-23 16:00:00,-3.71,162.65,1948.58,0,64155,-65127,172.77
2026-06-24 16:00:00,-3.25,154.2,0,-8446,928,0,162.74
2026-06-25 16:00:00,-1.74,150.54,0,-3656,0,0,154.98
2026-06-26 16:00:00,-4.71,144.27,0,-6269.4,0,-399,156.34
2026-06-29 16:00:00,-3.56,141.29,0,-2988.62,30210,-29113,150.2
2026-06-30 16:00:00,-2.54,138.96,0,-2328.43,29832,-30266,145.19
2026-07-01 16:00:00,-2.94,147.96,9003.77,0,29304,-29568,155.47
2026-07-02 16:00:00,-5.81,150.45,2486.41,0,31759,-31768,165.9
2026-07-03 16:00:00,-5.22,153.6,3148.83,0,31374,-32891,167.57
2026-07-06 16:00:00,-5.23,151.3,0,-2296,0,0,165.17
2026-07-07 16:00:00,-6.2,144.81,0,-6492,756,0,160.99
2026-07-08 16:00:00,-6.92,144,0,-805.25,30528,-31112,162.14
2026-07-09 16:00:00,-4.55,145,995.43,0,31696,-31148,156.68
2026-07-10 16:00:00,-6.42,148.26,3262,0,621,0,165.29
2026-07-13 16:00:00,-8.1,139.18,0,-9082.12,30330,-31556,160.26
2026-07-14 16:00:00,-6.12,148.48,9301.67,0,33011,-32556,164.68
2026-07-15 16:00:00,-6.31,152.45,3970.18,0,31416,-32457,169.45
2026-07-16 16:00:00,-8.04,150.4,0,-2050.94,32604,-33740,172.29
2026-07-17 16:00:00,-11.35,140.53,0,-9872,0,0,171.33
2026-07-20 16:00:00,-10,133.45,0,-7082.31,31613,-29590,159.39
