trade_date,open,high,low,close,vol,amount
2023-07-10,18.54,18.57,18.08,18.24,41454,76323326.0
2023-07-11,18.21,18.55,18.15,18.39,32547,60379534.0
2023-07-12,18.45,18.48,17.54,17.63,59891,108367936.0
2023-07-13,17.64,18.02,17.6,17.98,46219,83245849.0
2023-07-14,18.04,18.85,18.01,18.53,76743,143538119.0
2023-07-17,18.4,18.65,18.2,18.36,36651,68166546.0
2023-07-18,18.36,18.65,18.17,18.21,31082,57765065.0
2023-07-19,18.21,18.37,17.9,18.01,26368,48131870.0
2023-07-20,18.08,18.11,17.55,17.63,37874,68177804.0
2023-07-21,17.59,17.69,17.42,17.44,28327,50286690.0
2023-07-24,17.38,17.74,17.26,17.43,25691,45445356.0
2023-07-25,17.66,17.88,17.43,17.73,32802,58670587.0
2023-07-26,17.71,17.71,17.13,17.28,36524,63888929.0
2023-07-27,17.19,17.35,17.07,17.13,21626,37596019.0
2023-07-28,17.15,17.32,16.87,17.27,22262,38611309.0
2023-07-31,17.29,17.67,17.12,17.53,28382,50230914.0
2023-08-01,17.4,17.71,17.3,17.53,27091,47939838.0
2023-08-02,17.63,17.68,17.42,17.59,17144,30414944.0
2023-08-03,17.57,17.68,17.36,17.46,17406,30789798.0
2023-08-04,17.5,17.97,17.45,17.85,36742,66115711.0
2023-08-07,17.83,18.08,17.75,17.92,28313,51330434.0
2023-08-08,17.89,18.05,17.8,17.88,21799,39515502.0
2023-08-09,17.82,17.98,17.35,17.4,27716,49299779.0
2023-08-10,17.36,17.56,17.19,17.33,19934,34931694.0
2023-08-11,17.33,17.39,16.98,16.99,18707,32434753.0
2023-08-14,16.81,17.09,16.73,17.09,22598,38630807.0
2023-08-15,17.1,17.27,16.73,16.86,18110,31038471.0
2023-08-16,16.83,16.88,16.52,16.52,21843,36855852.0
2023-08-17,16.52,16.96,16.42,16.94,19756,33544570.0
2023-08-18,16.89,17.01,16.46,16.51,18404,31179513.0
2023-08-21,16.49,16.83,16.48,16.54,14819,24952414.0
2023-08-22,16.55,16.95,16.4,16.95,23382,39522324.0
2023-08-23,16.9,16.9,16.47,16.55,23422,39427289.0
2023-08-24,16.63,16.84,16.44,16.46,22338,37523780.0
2023-08-25,16.27,16.29,15.62,15.79,37293,60097018.0
2023-08-28,16.48,16.75,15.8,15.81,31428,51581896.0
2023-08-29,15.75,16.75,15.7,16.69,40018,66541490.0
2023-08-30,16.64,17.17,16.49,16.76,51388,87350044.0
2023-08-31,16.79,16.95,16.51,16.7,25410,43111354.0
2023-09-01,16.7,16.83,16.53,16.57,24368,41084087.0
2023-09-04,16.61,16.83,16.52,16.8,22961,38684017.0
2023-09-05,16.72,17.17,16.72,16.99,38433,66219225.0
2023-09-06,16.83,18.03,16.71,17.81,100608,178495848.0
2023-09-07,17.66,17.8,17.24,17.32,49557,87657861.0
2023-09-08,17.35,18.01,17.04,17.81,65263,116592076.0
2023-09-11,17.8,18.31,17.59,18.08,83989,152838682.0
2023-09-12,18.12,18.32,17.86,18.02,65195,119011219.0
2023-09-13,17.98,18.05,17.35,17.68,58700,104398204.0
2023-09-14,17.88,18.89,17.75,18.38,138184,255831393.0
2023-09-15,17.99,18.15,17.29,17.46,84830,151162269.0
2023-09-18,17.24,17.42,16.72,16.97,62312,107328461.0
2023-09-19,17.13,19.6,16.44,18.52,200365,367098800.0
2023-09-20,18.52,18.64,17.86,17.99,128994,237310811.0
2023-09-21,18.06,20.77,17.92,19.88,298719,596452683.0
2023-09-22,19.58,21.26,18.81,21.11,324808,650084870.0
2023-09-25,20.9,20.96,20.02,20.36,226178,465385029.0
2023-09-26,19.7,19.81,18.71,18.82,200727,386729147.0
2023-09-27,18.8,19.28,18.51,18.68,146564,278955475.0
2023-09-28,18.64,19.37,18.48,18.99,132303,254055265.0
2023-10-09,18.81,19.95,18.5,19.56,164700,321201762.0
2023-10-10,19.41,19.89,19.28,19.45,128638,253778413.0
2023-10-11,19.22,20.19,19.01,19.77,149584,298494180.0
2023-10-12,19.6,20.35,19.27,19.9,144566,289438639.0
2023-10-13,19.62,21.1,19.49,20.6,167575,345040862.0
2023-10-16,20.67,20.83,19.38,19.7,129681,261725285.0
2023-10-17,19.78,20.98,19.19,20.13,148928,303670795.0
2023-10-18,19.74,19.79,18.75,18.9,133898,257639605.0
2023-10-19,18.65,19.11,18.32,18.34,83401,157103708.0
2023-10-20,18.3,18.54,17.63,17.73,71506,130102697.0
2023-10-23,17.6,18.1,17.1,17.25,67982,120338211.0
2023-10-24,17.31,17.72,17.18,17.45,60583,106945164.0
2023-10-25,17.52,17.99,17.23,17.85,62685,112368429.0
2023-10-26,17.56,19.13,17.5,18.78,118950,223458972.0
2023-10-27,18.51,18.7,18.21,18.28,70744,131477049.0
2023-10-30,18.2,18.7,18.12,18.59,56284,105121924.0
2023-10-31,18.54,18.68,18.21,18.4,43608,81164259.0
2023-11-01,18.31,18.52,18.13,18.26,36378,67191914.0
2023-11-02,18.18,18.46,17.92,17.92,39323,72072534.0
2023-11-03,17.86,18.48,17.85,18.38,46290,85780632.0
2023-11-06,18.5,18.78,18.39,18.71,48167,90538966.0
2023-11-07,18.68,19.09,18.52,18.97,62098,117905542.0
2023-11-08,18.93,20.26,18.71,20.16,167806,331498947.0
2023-11-09,19.82,20.12,19.31,19.48,126679,251381790.0
2023-11-10,19.29,19.78,19.21,19.22,62893,123420587.0
2023-11-13,19.5,19.78,19.4,19.69,68612,135910876.0
2023-11-14,19.59,19.95,19.32,19.77,64968,129317786.0
2023-11-15,19.9,19.95,19.59,19.68,56114,111815687.0
2023-11-16,19.6,19.68,19.43,19.47,47790,94311852.0
2023-11-17,19.39,19.54,19.17,19.43,43411,84766020.0
2023-11-20,19.41,19.56,19.28,19.4,39188,76889299.0
2023-11-21,19.4,19.6,19.1,19.32,58334,114141407.0
2023-11-22,19.25,19.52,18.94,18.96,55015,106750064.0
2023-11-23,18.86,19.19,18.77,19.13,48490,92914081.0
2023-11-24,19.08,19.18,18.35,18.47,50784,95443893.0
2023-11-27,18.4,19.2,18.39,19.01,50645,96315484.0
2023-11-28,18.8,19.14,18.57,18.96,44071,84048270.0
2023-11-29,18.85,19.43,18.73,19.31,71716,138889724.0
2023-11-30,19.15,19.22,18.58,18.88,55012,104890658.0
2023-12-01,18.98,19.58,18.73,19.49,66194,128521385.0
2023-12-04,19.49,19.93,19.25,19.69,92449,183107026.0
2023-12-05,19.68,19.8,18.77,18.77,89279,173632487.0
2023-12-06,18.62,18.7,17.87,17.92,89700,165021410.0
2023-12-07,17.91,18.6,17.86,18.28,62769,116116481.0
2023-12-08,18.25,19.06,18.24,18.69,76326,144915815.0
2023-12-11,18.49,18.62,18.0,18.59,50836,94029446.0
2023-12-12,18.53,18.99,18.53,18.8,38449,73032636.0
2023-12-13,18.8,18.8,18.4,18.42,29816,55945576.0
2023-12-14,18.46,18.72,18.24,18.25,27283,50925190.0
2023-12-15,18.31,18.39,17.95,18.01,24631,45107532.0
2023-12-18,17.94,18.07,17.65,17.68,23713,42715175.0
2023-12-19,17.67,18.07,17.62,17.89,19107,34501658.0
2023-12-20,17.93,18.04,17.6,17.62,25591,46127317.0
2023-12-21,17.62,17.79,17.22,17.56,25814,45646825.0
2023-12-22,17.59,18.13,17.23,17.24,35202,62661680.0
2023-12-25,17.24,17.54,17.15,17.41,15151,26637612.0
2023-12-26,17.55,17.55,16.8,17.02,20506,35416476.0
2023-12-27,17.06,17.43,17.02,17.33,17655,30833079.0
2023-12-28,17.31,17.67,17.12,17.58,23723,41975334.0
2023-12-29,17.57,18.49,17.5,18.09,52336,95722406.0
2024-01-02,18.07,18.14,17.9,17.94,29233,53277240.0
2024-01-03,17.9,17.99,17.51,17.77,25514,45730032.0
2024-01-04,17.78,17.82,17.57,17.75,16446,29454941.0
2024-01-05,17.75,17.76,17.11,17.18,22368,39416136.0
2024-01-08,17.2,17.25,16.78,16.81,17485,29994216.0
2024-01-09,16.82,17.05,16.63,16.7,17722,30174957.0
2024-01-10,16.68,16.68,16.14,16.26,23283,38594191.0
2024-01-11,16.32,16.9,16.3,16.87,27138,45817793.0
2024-01-12,16.87,16.87,16.48,16.49,18829,31671617.0
2024-01-15,16.49,16.61,16.32,16.52,14562,24327908.0
2024-01-16,16.58,16.58,16.0,16.34,22105,36249919.0
2024-01-17,16.29,16.4,15.87,15.87,15476,25232524.0
2024-01-18,15.8,15.97,15.32,15.9,26593,42003768.0
2024-01-19,15.87,16.03,15.52,15.6,19595,31161888.0
2024-01-22,15.57,15.61,14.36,14.54,30465,46126102.0
2024-01-23,14.59,14.89,14.3,14.72,24769,36824173.0
2024-01-24,14.74,14.93,14.12,14.79,26057,38470918.0
2024-01-25,14.95,15.41,14.62,15.37,28069,43087755.0
2024-01-26,15.37,15.51,15.09,15.15,19255,29814345.0
2024-01-29,15.15,15.25,14.58,14.59,21115,31665680.0
2024-01-30,14.54,14.67,13.8,14.01,19065,27652177.0
2024-01-31,14.04,14.15,13.0,13.01,31993,43726974.0
2024-02-01,13.0,13.43,12.64,13.08,30046,39633070.0
2024-02-02,13.12,13.49,11.82,12.27,40410,51586619.0
2024-02-05,12.13,12.46,10.45,10.88,53421,60535256.0
2024-02-06,10.74,11.61,10.04,11.23,48269,53313053.0
2024-02-07,11.27,11.56,10.6,10.78,50281,56831921.0
2024-02-08,10.9,12.09,10.5,12.06,66536,76822159.0
2024-02-19,12.2,12.68,12.04,12.6,57778,73336212.0
2024-02-20,12.75,12.95,12.37,12.85,42292,54709938.0
2024-02-21,12.7,13.3,12.56,12.83,45434,59932439.0
2024-02-22,12.91,13.3,12.9,13.27,50529,67471352.0
2024-02-23,13.4,14.06,13.39,13.85,57166,79548793.0
2024-02-26,13.86,14.26,13.6,14.04,50789,71961762.0
2024-02-27,14.02,14.85,13.9,14.8,54924,80261465.0
2024-02-28,14.81,15.13,13.36,13.42,78643,114400030.0
2024-02-29,13.3,14.35,13.17,14.25,52497,74470800.0
2024-03-01,14.29,14.75,14.23,14.63,45854,67461809.0
2024-03-04,14.62,14.92,14.27,14.75,43332,64258786.0
2024-03-05,14.61,14.67,14.15,14.27,43348,63327724.0
2024-03-06,14.12,14.51,13.96,14.25,31686,45762831.0
2024-03-07,14.32,14.5,13.97,14.03,33886,48974183.0
2024-03-08,14.05,14.5,13.95,14.46,43682,63408255.0
2024-03-11,14.41,14.5,14.15,14.5,38712,56250029.0
2024-03-12,14.48,14.75,14.41,14.7,42813,63267636.0
2024-03-13,14.7,15.03,14.56,14.91,49109,73903252.0
2024-03-14,15.1,16.05,14.68,15.05,130479,201470953.0
2024-03-15,15.0,15.06,14.53,15.05,78085,116856723.0
2024-03-18,15.11,15.32,14.84,15.26,64712,99164115.0
2024-03-19,15.25,15.51,15.07,15.3,61013,94503432.0
2024-03-20,15.28,15.41,15.18,15.31,47087,73009873.0
2024-03-21,15.31,15.4,15.0,15.22,43445,66904075.0
2024-03-22,15.12,15.51,14.8,15.23,53081,81442233.0
2024-03-25,15.1,15.2,14.41,14.5,40511,61125062.0
2024-03-26,14.45,14.76,14.05,14.3,34843,50809054.0
2024-03-27,14.23,14.36,13.46,13.5,41349,57898625.0
2024-03-28,13.5,14.24,13.5,14.13,43957,62255317.0
2024-03-29,14.13,14.76,13.91,14.73,52986,77541390.0
2024-04-01,14.78,14.83,14.54,14.8,37423,55732786.0
2024-04-02,14.7,14.81,14.49,14.59,32135,47574087.0
2024-04-03,14.46,14.56,14.02,14.15,28266,40667517.0
2024-04-08,14.09,14.11,13.66,13.67,23746,33405426.0
2024-04-09,13.68,13.96,13.6,13.94,23236,32548603.0
2024-04-10,13.89,13.91,13.22,13.39,26522,36307467.0
2024-04-11,13.3,13.69,13.21,13.31,19785,27091825.0
2024-04-12,13.39,13.63,13.3,13.36,19804,27050529.0
2024-04-15,13.46,13.46,12.36,12.72,43685,56956331.0
2024-04-16,12.67,12.67,11.55,11.58,45952,55544202.0
2024-04-17,11.81,12.75,11.81,12.75,41113,51909857.0
2024-04-18,12.8,12.95,12.43,12.64,36121,46442173.0
2024-04-19,12.64,12.64,12.25,12.46,27359,34571412.0
2024-04-22,12.3,12.55,11.9,12.4,21532,26881879.0
2024-04-23,12.5,12.76,12.5,12.69,25149,32291532.0
2024-04-24,12.61,13.11,12.61,13.11,24401,32171687.0
2024-04-25,13.1,13.27,12.93,13.1,20221,26910737.0
2024-04-26,12.34,12.87,12.12,12.75,64705,82660532.0
2024-04-29,12.7,13.29,12.69,13.25,42898,57016543.0
2024-04-30,13.26,13.37,12.99,13.18,31357,41930806.0
2024-05-06,13.3,13.48,13.27,13.39,27299,37087080.0
2024-05-07,13.4,13.57,13.29,13.56,25505,34815460.0
2024-05-08,13.41,13.49,13.14,13.2,26624,35866083.0
2024-05-09,13.21,13.4,13.12,13.4,21889,29613919.0
2024-05-10,13.37,13.4,12.9,13.0,28969,38400198.0
2024-05-13,12.95,13.05,12.53,12.6,27408,35380806.0
2024-05-14,12.68,12.9,12.6,12.72,17453,22630191.0
2024-05-15,12.66,12.89,12.53,12.58,15057,19455710.0
2024-05-16,12.63,13.0,12.63,12.83,21007,27481173.0
2024-05-17,12.8,13.17,12.75,13.17,23819,31525231.0
2024-05-20,13.13,13.3,13.0,13.2,20187,26975500.0
2024-05-21,13.11,13.35,13.06,13.13,22540,30155990.0
2024-05-22,13.08,13.37,13.01,13.25,21833,29275982.0
2024-05-23,13.24,13.32,12.98,13.03,20859,27799198.0
2024-05-24,13.02,13.22,12.83,12.84,19343,25524418.0
2024-05-27,12.92,12.92,12.5,12.85,22987,29574552.0
2024-05-28,12.74,13.01,12.6,12.66,19280,25031382.0
2024-05-29,12.7,12.9,12.52,12.56,18255,23592469.0
2024-05-30,12.54,12.67,12.37,12.65,19908,25451842.0
2024-05-31,12.72,13.12,12.65,13.04,29580,38375192.0
2024-06-03,12.94,13.1,12.62,12.75,27051,34756170.0
2024-06-04,12.83,12.83,11.97,12.14,41577,50687529.0
2024-06-05,12.08,12.26,11.97,11.97,20425,24717716.0
2024-06-06,11.95,12.23,11.21,11.33,39188,45222051.0
2024-06-07,11.51,11.77,11.38,11.62,26779,31052461.0
2024-06-11,11.65,11.95,11.33,11.91,25317,29664014.0
2024-06-12,12.0,12.26,11.96,12.23,20283,24689581.0
2024-06-13,12.23,12.46,12.11,12.29,21686,26711929.0
2024-06-14,12.25,12.41,12.11,12.4,17273,21262804.0
2024-06-17,12.34,12.53,12.28,12.41,19597,24388538.0
2024-06-18,12.42,12.81,12.36,12.77,21362,27114875.0
2024-06-19,12.78,12.91,12.65,12.75,21383,27296854.0
2024-06-20,12.74,12.8,12.39,12.4,24006,30214833.0
2024-06-21,12.4,12.55,12.11,12.37,16999,21005170.0
2024-06-24,12.37,12.37,11.72,11.77,23937,28658813.0
2024-06-25,11.6,11.88,11.39,11.49,25804,29966340.0
2024-06-26,11.41,12.17,11.33,12.16,22876,27126267.0
2024-06-27,12.2,12.35,11.95,11.97,20584,25018775.0
2024-06-28,11.9,12.43,11.89,12.19,21354,26161222.0
2024-07-01,12.11,12.22,11.81,12.1,16058,19300352.0
2024-07-02,12.11,12.29,11.98,12.1,18101,21953640.0
2024-07-03,12.02,12.07,11.7,11.83,16808,19929137.0
2024-07-04,11.83,11.95,11.31,11.4,22424,25956915.0
2024-07-05,11.41,11.62,11.14,11.53,16703,19021023.0
2024-07-08,11.29,11.5,11.02,11.06,21194,23673994.0
2024-07-09,11.02,11.55,10.95,11.55,22409,25309914.0
2024-07-10,11.52,11.65,11.38,11.45,13636,15703917.0
2024-07-11,11.65,11.82,11.56,11.8,16537,19420308.0
2024-07-12,11.79,11.79,11.54,11.6,13384,15601752.0
2024-07-15,11.57,11.68,11.21,11.38,15115,17186436.0
2024-07-16,11.32,11.9,11.21,11.42,32347,37131773.0
2024-07-17,11.2,11.43,11.04,11.04,29714,33224623.0
2024-07-18,10.92,10.99,10.51,10.8,28451,30470428.0
2024-07-19,10.76,11.07,10.75,10.97,17935,19603010.0
2024-07-22,10.91,11.3,10.9,11.21,21393,23863322.0
2024-07-23,11.24,11.26,10.88,10.88,15682,17340482.0
2024-07-24,10.88,11.0,10.62,10.75,24846,26951316.0
2024-07-25,10.64,11.16,10.64,10.92,24033,26191207.0
2024-07-26,10.95,11.23,10.9,11.21,19706,21933314.0
2024-07-29,11.2,11.44,11.05,11.32,21125,23873140.0
2024-07-30,11.28,11.42,11.2,11.34,16914,19161332.0
2024-07-31,11.34,11.67,11.3,11.66,22489,25959302.0
2024-08-01,11.66,11.84,11.66,11.73,22685,26671731.0
2024-08-02,11.67,11.7,11.31,11.37,28356,32623340.0
2024-08-05,11.35,11.44,10.9,10.9,24391,27216630.0
2024-08-06,11.12,11.2,10.95,11.13,15665,17351355.0
2024-08-07,11.15,11.65,11.15,11.53,33467,38448719.0
2024-08-08,11.47,11.85,11.29,11.38,38565,44409666.0
2024-08-09,11.47,11.78,11.43,11.61,32816,38079728.0
2024-08-12,11.68,11.68,11.13,11.17,29785,33580051.0
2024-08-13,11.15,11.35,11.06,11.34,17479,19652048.0
2024-08-14,11.21,13.61,11.21,13.13,233225,303465023.0
2024-08-15,12.53,13.41,12.41,12.85,204582,262952446.0
2024-08-16,13.61,15.42,13.61,15.42,331669,487100259.0
2024-08-19,16.21,17.88,15.15,16.0,495900,828001558.0
2024-08-20,13.0,15.3,13.0,14.31,307859,438242056.0
2024-08-21,14.5,15.35,13.7,13.79,263649,378935769.0
2024-08-22,13.68,14.98,13.6,14.09,234755,333283172.0
2024-08-23,13.6,15.86,13.6,15.18,329502,495611515.0
2024-08-26,14.99,16.58,14.3,16.08,344818,533822888.0
2024-08-27,15.21,15.29,14.01,14.21,256122,374230287.0
2024-08-28,13.65,14.63,13.62,14.36,191635,270906893.0
2024-08-29,14.0,14.0,13.31,13.69,204027,278794055.0
2024-08-30,13.5,15.3,13.5,14.69,272008,396228827.0
2024-09-02,14.47,14.89,14.07,14.09,173507,249399175.0
2024-09-03,14.16,15.2,13.88,14.76,222572,327616928.0
2024-09-04,14.58,15.68,14.18,15.62,309951,468383699.0
2024-09-05,15.17,15.35,14.56,15.31,226690,339581543.0
2024-09-06,14.93,15.05,14.23,14.6,161158,234742598.0
2024-09-09,14.0,14.02,13.01,13.07,150456,201128657.0
2024-09-10,13.09,13.66,12.51,13.42,148555,192951123.0
2024-09-11,13.18,13.33,12.94,13.02,99439,130112778.0
2024-09-12,13.15,13.22,12.68,12.7,83454,107317954.0
2024-09-13,12.71,12.82,12.24,12.3,76527,95016829.0
2024-09-18,12.3,12.49,11.88,12.02,67272,81377204.0
2024-09-19,12.1,12.33,11.97,12.22,69728,84866572.0
2024-09-20,12.15,12.46,12.09,12.29,79208,97273002.0
2024-09-23,12.28,12.78,12.15,12.55,115972,145694168.0
2024-09-24,12.43,12.77,12.04,12.75,122819,152905075.0
2024-09-25,12.88,13.11,12.69,12.85,119943,154849225.0
2024-09-26,12.72,13.03,12.59,13.01,108905,140212510.0
2024-09-27,13.2,13.98,13.07,13.81,146193,197351828.0
2024-09-30,14.36,16.47,14.14,16.33,217679,329845109.0
2024-10-08,19.58,19.6,17.3,19.6,264275,492240929.0
2024-10-09,18.45,18.51,16.5,16.5,217707,385478754.0
2024-10-10,17.0,17.35,16.01,16.26,141192,234645335.0
2024-10-11,16.26,16.26,15.11,15.43,109353,170411486.0
2024-10-14,15.65,16.85,15.44,16.82,141501,229257353.0
2024-10-15,16.7,17.29,16.35,16.4,154457,260769347.0
2024-10-16,15.98,19.39,15.88,19.04,330126,593315907.0
2024-10-17,18.5,18.62,17.4,17.61,275151,493211335.0
2024-10-18,17.7,18.58,17.5,18.22,227203,408821157.0
2024-10-21,18.11,19.05,17.9,18.83,225894,419363219.0
2024-10-22,18.53,18.58,17.45,17.71,169496,303077035.0
2024-10-23,16.97,17.5,16.9,16.99,131858,226801697.0
2024-10-24,17.01,17.15,16.7,16.84,91038,153875349.0
2024-10-25,16.9,17.8,16.8,17.43,129813,225735500.0
2024-10-28,17.18,17.88,17.0,17.81,121589,213157494.0
2024-10-29,18.0,18.04,16.94,16.94,121496,211033832.0
2024-10-30,16.76,17.88,16.66,17.85,144819,249023489.0
2024-10-31,17.61,17.8,17.38,17.56,110161,193656294.0
2024-11-01,17.35,17.43,15.65,15.72,133759,217515296.0
2024-11-04,15.7,16.27,15.6,16.14,52018,83159011.0
2024-11-05,16.13,16.86,16.0,16.74,84409,139786486.0
2024-11-06,16.77,17.03,16.44,16.65,80153,134193179.0
2024-11-07,16.4,17.09,16.4,17.09,72808,122669321.0
2024-11-08,17.17,18.28,17.15,17.79,157898,280182927.0
2024-11-11,17.61,18.2,17.5,18.12,129217,231905572.0
2024-11-12,18.18,18.24,17.55,17.84,98185,175074024.0
2024-11-13,17.67,18.65,17.09,18.6,185300,334926776.0
2024-11-14,18.34,18.5,17.52,17.63,109086,196267271.0
2024-11-15,17.61,18.24,17.51,17.55,104400,186496455.0
2024-11-18,17.48,17.56,16.0,16.21,99939,164618252.0
2024-11-19,16.3,16.76,16.11,16.75,56980,93585810.0
2024-11-20,16.73,17.46,16.56,17.25,68226,116266118.0
2024-11-21,17.22,17.43,16.66,17.08,59296,101262063.0
2024-11-22,16.97,17.57,16.3,16.34,94528,160657759.0
2024-11-25,16.58,16.71,15.86,16.4,56300,90885055.0
2024-11-26,16.5,16.86,16.2,16.25,47985,79427208.0
2024-11-27,16.25,16.89,16.0,16.84,66188,109243340.0
2024-11-28,16.73,17.5,16.6,17.08,91746,156005790.0
2024-11-29,16.89,18.5,16.57,18.36,219268,392141165.0
2024-12-02,18.01,18.18,17.52,18.05,160151,286099074.0
2024-12-03,17.91,18.42,17.58,18.21,167490,303514075.0
2024-12-04,18.08,18.42,17.58,17.8,116612,209909532.0
2024-12-05,17.78,17.99,17.65,17.86,71819,128103630.0
2024-12-06,17.93,17.99,17.38,17.85,90237,159533139.0
2024-12-09,18.06,18.2,17.41,17.68,73136,130031698.0
2024-12-10,18.2,18.39,17.84,18.09,120959,219446004.0
2024-12-11,17.89,18.75,17.89,18.7,146701,270997319.0
2024-12-12,18.88,18.99,18.15,18.74,132195,244337145.0
2024-12-13,18.9,19.12,18.25,18.25,94130,174679067.0
2024-12-16,18.23,18.35,17.7,17.81,66994,120159113.0
2024-12-17,17.73,17.9,16.9,16.97,67345,116762175.0
2024-12-18,16.88,17.74,16.43,17.5,72587,124957328.0
2024-12-19,17.23,18.62,17.23,18.19,130011,236589551.0
2024-12-20,18.01,21.2,17.8,19.07,268088,515096992.0
2024-12-23,19.11,19.55,18.28,18.55,166294,313267673.0
2024-12-24,18.53,18.85,17.38,18.76,166073,302964788.0
2024-12-25,18.61,19.54,18.55,18.92,249083,476507058.0
2024-12-26,18.26,20.7,18.15,20.27,292432,577239535.0
2024-12-27,19.85,20.47,19.5,19.94,203065,404268965.0
2024-12-30,19.71,19.93,18.89,19.14,147277,284467615.0
2024-12-31,19.19,19.6,18.03,18.03,145675,274053616.0
2025-01-02,17.97,18.3,16.94,17.2,125710,220178896.0
2025-01-03,17.8,19.12,16.56,16.69,145857,255694596.0
2025-01-06,16.12,16.12,15.2,15.39,112644,176064883.0
2025-01-07,15.46,16.16,15.11,15.9,91702,142955287.0
2025-01-08,15.56,16.03,15.01,15.63,90111,140257717.0
2025-01-09,15.57,16.2,15.5,15.73,86113,136429837.0
2025-01-10,15.56,15.78,14.65,14.67,94023,143059678.0
2025-01-13,14.38,14.64,14.0,14.51,55741,80115692.0
2025-01-14,14.62,15.47,14.54,15.45,72732,109949318.0
2025-01-15,15.51,15.54,15.11,15.17,44094,67413724.0
2025-01-16,15.39,15.7,15.11,15.39,62685,96506675.0
2025-01-17,15.25,15.58,15.18,15.43,42335,65061739.0
2025-01-20,15.59,15.75,15.34,15.62,50875,79376657.0
2025-01-21,15.74,15.87,15.3,15.58,42825,66471541.0
2025-01-22,14.8,15.21,14.63,14.97,70133,105203991.0
2025-01-23,15.25,15.62,14.9,14.9,58846,90152214.0
2025-01-24,14.96,15.6,14.91,15.57,64169,98442818.0
2025-01-27,15.67,15.72,14.96,15.05,55704,84712515.0
2025-02-05,15.13,15.55,15.12,15.4,47272,72615791.0
2025-02-06,15.48,15.95,15.33,15.95,71841,113474580.0
2025-02-07,16.0,16.32,15.74,16.08,86363,139056137.0
2025-02-10,16.11,16.49,16.11,16.46,70188,114749833.0
2025-02-11,16.45,16.59,16.2,16.4,61802,101409470.0
2025-02-12,16.33,16.69,16.25,16.65,59630,98558572.0
2025-02-13,16.59,16.66,16.22,16.25,58094,95097265.0
2025-02-14,16.1,16.47,16.09,16.35,45482,74229867.0
2025-02-17,16.23,16.61,16.23,16.42,62025,101708523.0
2025-02-18,16.39,16.53,15.5,15.77,62962,101337594.0
2025-02-19,15.87,16.15,15.8,16.09,41582,66663542.0
2025-02-20,16.52,16.72,16.31,16.67,98769,163699693.0
2025-02-21,16.55,17.09,16.5,16.98,107050,179860568.0
2025-02-24,16.94,16.96,16.55,16.82,69290,116068996.0
2025-02-25,16.53,17.38,16.49,17.11,93142,158736328.0
2025-02-26,17.14,17.2,16.9,17.1,71259,121495181.0
2025-02-27,17.1,17.25,16.59,16.92,61438,103854945.0
2025-02-28,16.83,16.86,15.88,15.92,71583,116358212.0
2025-03-03,15.99,16.26,15.62,15.81,42157,67315901.0
2025-03-04,15.58,16.19,15.58,16.16,31533,50361740.0
2025-03-05,16.16,16.55,16.02,16.46,47351,77190669.0
2025-03-06,16.53,16.85,16.41,16.71,61536,102602447.0
2025-03-07,16.78,18.38,16.76,17.38,216896,385590020.0
2025-03-10,16.98,17.22,16.72,16.99,125852,213074895.0
2025-03-11,16.66,16.93,16.55,16.91,76282,127686641.0
2025-03-12,16.98,17.57,16.81,17.3,108715,187795525.0
2025-03-13,17.21,17.37,16.6,17.05,75874,128491569.0
2025-03-14,16.94,17.24,16.7,17.21,73861,125821817.0
2025-03-17,17.18,18.01,17.12,17.94,159443,282819448.0
2025-03-18,17.74,17.98,17.57,17.82,102126,181242922.0
2025-03-19,17.8,17.8,17.27,17.38,74332,129530575.0
2025-03-20,17.34,17.64,17.2,17.28,56286,98219079.0
2025-03-21,17.05,17.61,16.82,17.32,84022,144576110.0
2025-03-24,17.22,17.65,16.21,16.7,101037,171437726.0
2025-03-25,16.6,16.62,15.88,15.94,68895,111448177.0
2025-03-26,15.99,16.43,15.95,16.19,44729,72612144.0
2025-03-27,16.12,16.35,15.72,16.07,41421,66542223.0
2025-03-28,16.1,16.24,15.52,15.53,48498,76428304.0
2025-03-31,15.3,15.55,15.17,15.47,30765,47228736.0
2025-04-01,15.57,15.71,15.47,15.48,28858,44947060.0
2025-04-02,15.41,15.73,15.41,15.51,20384,31759375.0
2025-04-03,15.31,15.59,15.18,15.34,21680,33297923.0
2025-04-07,14.49,14.49,12.27,12.27,77088,100738219.0
2025-04-08,12.35,13.15,12.35,12.65,55643,70915459.0
2025-04-09,12.45,13.26,11.61,13.18,61225,76951570.0
2025-04-10,13.49,13.87,13.39,13.4,48391,65795644.0
2025-04-11,13.25,13.77,13.24,13.52,39194,53103182.0
2025-04-14,13.84,13.99,13.68,13.78,32395,44697710.0
2025-04-15,13.8,13.89,13.57,13.73,25059,34290277.0
2025-04-16,13.68,13.71,13.24,13.5,26115,35265371.0
2025-04-17,13.42,13.74,13.31,13.5,22596,30792550.0
2025-04-18,13.5,14.14,13.33,13.83,56030,77498167.0
2025-04-21,13.68,13.81,13.48,13.74,51090,69953548.0
2025-04-22,13.68,14.31,13.52,13.83,78112,108614230.0
2025-04-23,13.72,14.0,13.61,13.88,58139,80445262.0
2025-04-24,13.73,13.98,13.29,13.53,48209,65428615.0
2025-04-25,13.57,13.66,13.45,13.48,27043,36659491.0
2025-04-28,13.33,13.48,13.07,13.34,33163,43949001.0
2025-04-29,13.17,13.71,13.14,13.55,28275,38284266.0
2025-04-30,13.6,13.82,13.58,13.77,25909,35601567.0
2025-05-06,13.87,14.21,13.87,14.21,36500,51530357.0
2025-05-07,14.4,14.58,14.11,14.23,45730,65266981.0
2025-05-08,14.22,14.57,14.22,14.56,37295,53848572.0
2025-05-09,14.51,14.53,14.22,14.3,28769,41249898.0
2025-05-12,14.5,14.61,14.33,14.59,28394,41212190.0
2025-05-13,14.8,14.8,14.37,14.41,27996,40671971.0
2025-05-14,14.49,14.58,14.27,14.38,26266,37813715.0
2025-05-15,14.37,14.4,14.12,14.16,24567,34893849.0
2025-05-16,14.15,14.4,14.1,14.29,23661,33847396.0
2025-05-19,14.3,14.51,14.13,14.5,26944,38630862.0
2025-05-20,14.49,14.65,14.28,14.62,27552,39989973.0
2025-05-21,14.78,15.05,14.37,14.4,50708,74212904.0
2025-05-22,14.41,14.55,14.2,14.26,27311,39208641.0
2025-05-23,14.23,14.34,13.9,13.9,32760,46247008.0
2025-05-26,13.93,14.4,13.91,14.39,38367,54485515.0
2025-05-27,14.27,14.44,14.11,14.28,26355,37490594.0
2025-05-28,14.31,14.6,14.2,14.3,34723,49865624.0
2025-05-29,14.28,14.62,14.28,14.62,38284,55554687.0
2025-05-30,14.62,14.62,14.25,14.28,30265,43525943.0
2025-06-03,14.22,14.53,14.22,14.32,24391,35089526.0
2025-06-04,14.33,14.48,14.32,14.33,22396,32171455.0
2025-06-05,14.33,14.68,14.17,14.6,44182,63881741.0
2025-06-06,14.63,14.68,14.47,14.66,29220,42609375.0
2025-06-09,14.59,14.79,14.59,14.74,30612,45014679.0
2025-06-10,14.68,14.75,14.3,14.52,30014,43606320.0
2025-06-11,14.53,14.7,14.45,14.49,28935,42196443.0
2025-06-12,14.52,15.39,14.49,15.07,119453,179278073.0
2025-06-13,14.9,14.99,14.3,14.35,80904,118009386.0
2025-06-16,14.28,14.69,14.22,14.56,48540,70737631.0
2025-06-17,14.55,14.68,14.41,14.6,28567,41551114.0
2025-06-18,14.54,15.54,14.46,15.47,134273,203606223.0
2025-06-19,15.44,15.88,15.18,15.75,142161,220603489.0
2025-06-20,15.66,15.7,15.06,15.11,87519,133561588.0
2025-06-23,14.91,15.8,14.9,15.59,97059,149408503.0
2025-06-24,15.61,15.65,15.43,15.59,84595,131361145.0
2025-06-25,15.59,15.68,15.28,15.54,69184,106852164.0
2025-06-26,15.53,15.87,15.41,15.72,87394,136832587.0
2025-06-27,15.7,15.86,15.58,15.72,66627,104940420.0
2025-06-30,15.76,16.07,15.68,15.78,63459,100496226.0
2025-07-01,15.79,15.85,15.5,15.61,45259,70701598.0
2025-07-02,15.5,15.59,15.36,15.51,34076,52613996.0
2025-07-03,15.51,15.67,15.51,15.59,29036,45271892.0
2025-07-04,15.59,15.65,15.25,15.26,37788,57987864.0
2025-07-07,15.24,15.31,15.12,15.29,23367,35590593.0
2025-07-08,15.28,15.58,15.26,15.54,28848,44687208.0
2025-07-09,15.49,15.68,15.46,15.55,30524,47490524.0
2025-07-10,15.59,15.68,15.41,15.63,34608,53906000.0
2025-07-11,15.62,15.69,15.43,15.6,31241,48541392.0
2025-07-14,15.52,15.79,15.45,15.63,27134,42316479.0
2025-07-15,15.63,15.77,15.33,15.42,34863,54158422.0
2025-07-16,15.42,15.78,15.36,15.55,37291,58145563.0
2025-07-17,15.49,15.78,15.48,15.73,33786,53008564.0
2025-07-18,15.78,15.88,15.54,15.63,30521,47772428.0
2025-07-21,15.63,15.72,15.48,15.68,29748,46398560.0
2025-07-22,15.7,15.78,15.38,15.47,43026,66928366.0
2025-07-23,15.47,15.55,15.25,15.33,33575,51607846.0
2025-07-24,15.35,15.53,15.35,15.53,25566,39541739.0
2025-07-25,15.46,15.7,15.45,15.68,38439,60078978.0
2025-07-28,15.69,15.89,15.62,15.87,44785,70773640.0
2025-07-29,15.92,15.96,15.7,15.96,35800,56704947.0
2025-07-30,15.97,16.06,15.66,15.86,37967,60159082.0
2025-07-31,15.85,16.07,15.6,15.67,43756,69283591.0
2025-08-01,15.67,15.81,15.56,15.79,35444,55729287.0
2025-08-04,15.7,15.92,15.58,15.92,32469,51354219.0
2025-08-05,16.09,16.48,15.98,16.37,72525,118000330.0
2025-08-06,16.29,16.44,16.27,16.35,41964,68549359.0
2025-08-07,16.4,16.4,16.13,16.25,33465,54385752.0
2025-08-08,16.15,16.29,16.02,16.21,34837,56301650.0
2025-08-11,16.24,16.39,16.19,16.37,37499,61139064.0
2025-08-12,16.41,16.47,16.16,16.3,27254,44400426.0
2025-08-13,16.3,16.39,16.21,16.31,41986,68482379.0
2025-08-14,16.34,16.39,15.82,15.83,50024,80196609.0
2025-08-15,15.8,16.01,15.8,15.87,48718,77454906.0
2025-08-18,15.94,16.57,15.94,16.45,79310,129721825.0
2025-08-19,16.39,16.7,16.34,16.59,58063,95966435.0
2025-08-20,16.43,16.83,16.32,16.83,64393,107242557.0
2025-08-21,16.81,16.9,16.48,16.58,51948,86441527.0
2025-08-22,16.58,16.64,16.44,16.63,45818,75797011.0
2025-08-25,16.64,16.78,16.48,16.73,65408,108773905.0
2025-08-26,16.61,16.95,16.38,16.74,59767,100306931.0
2025-08-27,16.48,16.74,16.0,16.01,84255,138756016.0
2025-08-28,16.11,16.5,15.48,16.1,81781,131139698.0
2025-08-29,16.01,16.09,15.49,15.57,75341,117668801.0
2025-09-01,15.57,15.83,15.47,15.65,53273,83304825.0
2025-09-02,15.65,15.68,14.8,15.03,72174,109002003.0
2025-09-03,15.08,15.17,14.6,14.68,58024,86053390.0
2025-09-04,14.69,14.91,14.21,14.36,60851,88903135.0
2025-09-05,14.46,14.68,14.26,14.65,52625,76401222.0
2025-09-08,14.61,14.87,14.48,14.8,47008,68809738.0
2025-09-09,14.8,15.18,14.42,14.49,73322,107879741.0
2025-09-10,14.48,14.77,14.42,14.6,51780,75609090.0
2025-09-11,14.61,15.1,14.4,15.09,71527,106212703.0
2025-09-12,15.09,15.23,14.95,15.03,42229,63695814.0
2025-09-15,14.98,15.16,14.82,14.94,33110,49473826.0
2025-09-16,14.95,15.15,14.86,15.13,33319,50111305.0
2025-09-17,15.13,15.31,14.97,15.1,30387,46041578.0
2025-09-18,15.11,15.24,14.75,14.89,46490,69935780.0
2025-09-19,14.98,15.03,14.6,14.72,41618,61450485.0
2025-09-22,14.87,14.87,14.54,14.68,38277,56212265.0
2025-09-23,14.65,14.75,13.98,14.3,49343,70233623.0
2025-09-24,14.5,14.77,14.16,14.69,42416,61687186.0
2025-09-25,14.58,14.79,14.5,14.57,30896,45372994.0
2025-09-26,14.56,14.58,14.2,14.2,35447,50731783.0
2025-09-29,14.23,14.35,13.99,14.24,32572,46287166.0
2025-09-30,14.29,14.44,14.15,14.18,29488,42146642.0
2025-10-09,14.18,14.4,14.1,14.21,31039,44315059.0
2025-10-10,14.19,14.19,14.0,14.08,31520,44412539.0
2025-10-13,13.67,13.87,13.34,13.85,46146,63187218.0
2025-10-14,14.04,14.05,13.6,13.65,40124,55256458.0
2025-10-15,13.73,14.0,13.69,13.91,31360,43528654.0
2025-10-16,13.99,14.08,13.82,13.9,26323,36730969.0
2025-10-17,13.98,14.0,13.65,13.65,30914,42791531.0
2025-10-20,13.81,14.08,13.7,14.04,35868,50137947.0
2025-10-21,14.04,14.21,13.93,14.2,30109,42516572.0
2025-10-22,14.15,14.24,14.06,14.1,20448,28924766.0
2025-10-23,14.06,14.23,13.95,14.23,30094,42408840.0
2025-10-24,14.22,14.38,14.16,14.29,30770,43972270.0
2025-10-27,14.36,14.45,14.03,14.15,36696,51981945.0
2025-10-28,14.16,14.36,14.05,14.3,33532,47830393.0
2025-10-29,14.3,14.38,14.07,14.12,28943,40961712.0
2025-10-30,14.11,14.14,13.9,13.93,35388,49589007.0
2025-10-31,13.99,14.13,13.9,14.06,32282,45312419.0
2025-11-03,14.06,14.22,13.97,14.21,27173,38403240.0
2025-11-04,14.22,14.23,14.07,14.16,20803,29372718.0
2025-11-05,14.06,14.29,14.02,14.23,27515,39065984.0
2025-11-06,14.2,14.34,14.01,14.05,30811,43375757.0
2025-11-07,14.04,14.2,13.94,14.1,25523,35897085.0
2025-11-10,14.23,14.37,14.17,14.34,31669,45263698.0
2025-11-11,14.39,14.43,14.3,14.34,24968,35846858.0
2025-11-12,14.26,14.39,14.12,14.29,23847,33999203.0
2025-11-13,14.25,14.4,14.17,14.35,26349,37776767.0
2025-11-14,14.34,14.55,14.29,14.35,33562,48562049.0
2025-11-17,14.3,14.51,14.22,14.5,26883,38760232.0
2025-11-18,14.42,14.58,14.39,14.58,31198,45312168.0
2025-11-19,14.59,14.61,14.08,14.1,41681,59484803.0
2025-11-20,14.29,14.35,13.93,14.24,36238,51391270.0
2025-11-21,14.12,14.4,13.5,13.6,45061,62045708.0
2025-11-24,13.74,14.11,13.71,14.01,37624,52315120.0
2025-11-25,14.01,14.51,14.01,14.3,33886,48501542.0
2025-11-26,14.27,14.41,14.02,14.1,28014,39786477.0
2025-11-27,14.1,14.29,14.03,14.2,28423,40331751.0
2025-11-28,14.2,14.37,14.1,14.37,24681,35199799.0
2025-12-01,14.37,14.73,14.33,14.64,44115,64424134.0
2025-12-02,14.57,14.72,14.42,14.64,39030,56932491.0
2025-12-03,14.69,14.69,14.36,14.4,30147,43533533.0
2025-12-04,14.35,14.46,13.94,14.0,33384,47024409.0
2025-12-05,14.04,14.36,13.85,14.35,32362,45787099.0
2025-12-08,14.36,14.68,14.33,14.58,39390,57391734.0
2025-12-09,14.58,15.38,14.5,14.8,87596,130618635.0
2025-12-10,14.78,15.09,14.62,14.99,77141,114828114.0
2025-12-11,15.05,15.05,14.64,14.65,49823,73548649.0
2025-12-12,14.6,14.82,14.33,14.4,47335,68985749.0
2025-12-15,14.37,14.56,14.03,14.38,45425,65239338.0
2025-12-16,14.29,14.99,14.24,14.75,90183,132867558.0
2025-12-17,14.77,14.85,14.39,14.77,62288,91399718.0
2025-12-18,14.7,15.03,14.61,14.91,47437,70637869.0
2025-12-19,14.88,14.96,14.56,14.8,56796,83747896.0
2025-12-22,14.78,15.06,14.73,14.87,53664,79938042.0
2025-12-23,14.95,15.38,14.55,14.76,80695,119980773.0
2025-12-24,14.67,15.09,14.6,15.04,70754,105700276.0
2025-12-25,14.96,15.18,14.86,15.15,57492,86460433.0
2025-12-26,15.09,15.15,14.8,14.99,48945,73402072.0
2025-12-29,14.91,14.97,14.72,14.91,36555,54296007.0
2025-12-30,14.8,14.97,14.57,14.6,42750,63002598.0
2025-12-31,14.62,15.05,14.61,14.89,49862,73974785.0
2026-01-05,14.94,14.98,14.78,14.95,43739,65216282.0
2026-01-06,14.96,15.45,14.87,15.22,104531,158503326.0
2026-01-07,15.25,15.25,14.94,15.08,57114,86160808.0
2026-01-08,15.08,15.37,15.02,15.34,63097,96119081.0
2026-01-09,15.33,15.48,15.21,15.42,60152,92311597.0
2026-01-12,15.42,15.97,15.36,15.89,85996,135090376.0
2026-01-13,15.84,15.84,15.31,15.44,78591,121853004.0
2026-01-14,15.39,15.89,15.33,15.58,91304,142371126.0
2026-01-15,15.44,15.53,15.18,15.35,59525,91094729.0
2026-01-16,15.4,15.61,15.1,15.58,57135,87842295.0
2026-01-19,15.51,15.63,15.37,15.43,44369,68635680.0
2026-01-20,15.43,15.54,15.08,15.25,49773,75924477.0
2026-01-21,15.16,15.24,15.03,15.19,36002,54498567.0
2026-01-22,15.34,15.34,15.1,15.3,39530,60247567.0
2026-01-23,15.27,15.59,15.2,15.53,42974,66224570.0
2026-01-26,15.45,15.52,14.76,14.99,71701,108352421.0
2026-01-27,14.98,15.05,14.42,14.94,53383,78765003.0
2026-01-28,14.98,15.2,14.66,14.69,37387,55499659.0
2026-01-29,14.61,14.96,14.39,14.45,50322,73649779.0
2026-01-30,14.4,14.69,14.25,14.6,44499,64479796.0
2026-02-02,14.46,14.92,14.45,14.48,43017,63358034.0
2026-02-03,14.63,14.92,14.49,14.82,34910,51562381.0
2026-02-04,14.79,15.04,14.66,14.84,38856,57599048.0
2026-02-05,14.8,15.05,14.68,14.86,38414,57215184.0
2026-02-06,14.74,15.26,14.64,15.02,51461,77502561.0
2026-02-09,15.19,15.44,14.91,15.38,52156,79594833.0
2026-02-10,15.4,15.8,15.36,15.55,63211,98475184.0
2026-02-11,15.55,15.7,15.44,15.52,54549,84913019.0
2026-02-12,15.64,15.64,15.27,15.35,45982,70795490.0
2026-02-13,15.27,15.57,15.25,15.34,31114,48006531.0
2026-02-24,15.56,15.6,15.29,15.45,33642,52062723.0
2026-02-25,15.5,15.51,15.13,15.16,40165,61379553.0
2026-02-26,15.23,16.38,15.18,15.84,202167,321989428.0
2026-02-27,15.92,15.98,15.45,15.68,114630,179019384.0
2026-03-02,15.4,15.64,15.02,15.26,98526,150829718.0
2026-03-03,15.34,16.05,15.2,15.39,132200,206986644.0
2026-03-04,15.09,15.63,15.09,15.35,92295,141646594.0
2026-03-05,15.83,16.28,15.72,15.97,143161,229387704.0
2026-03-06,15.98,16.02,15.61,15.79,73175,115446109.0
2026-03-09,15.52,15.7,15.2,15.66,71092,109683274.0
2026-03-10,15.81,16.16,15.76,16.1,77849,124466465.0
2026-03-11,16.38,19.32,16.37,19.32,340133,636318428.0
2026-03-12,18.36,19.29,18.19,18.28,478720,890521075.0
2026-03-13,18.3,18.83,17.66,17.73,298871,541275403.0
2026-03-16,17.94,18.55,17.5,17.82,250572,449188072.0
2026-03-17,17.56,17.85,16.57,16.68,233655,397864517.0
2026-03-18,16.68,17.05,16.51,16.99,166990,280746687.0
2026-03-19,16.4,17.13,16.3,16.63,139393,232449737.0
2026-03-20,16.93,17.33,15.64,15.7,194683,319653202.0
2026-03-23,15.02,15.35,14.27,14.41,163856,242729360.0
2026-03-24,14.73,14.91,14.1,14.83,140619,203650888.0
2026-03-25,14.94,15.8,14.94,15.71,187832,292609381.0
2026-03-26,15.79,15.79,14.84,14.99,119447,181170247.0
2026-03-27,14.79,15.19,14.52,15.08,81277,121386659.0
2026-03-30,14.78,15.3,14.46,15.24,85486,127571654.0
2026-03-31,15.15,15.23,14.75,14.76,67016,100066934.0
2026-04-01,15.09,15.22,14.8,14.94,64370,96551091.0
2026-04-02,14.94,15.34,14.63,14.76,81006,121245472.0
2026-04-03,15.0,15.24,14.71,14.91,94561,141592314.0
2026-04-07,14.97,15.47,14.94,15.36,94234,144170670.0
2026-04-08,15.68,15.93,15.55,15.93,93137,146999734.0
2026-04-09,15.73,16.19,15.58,16.17,110503,176819816.0
2026-04-10,16.46,16.92,16.09,16.11,149059,244627907.0
2026-04-13,15.88,16.3,15.85,16.0,89101,142907479.0
2026-04-14,16.08,16.22,15.79,15.9,69148,110513067.0
2026-04-15,15.89,15.91,15.56,15.61,65681,103208120.0
2026-04-16,15.64,15.97,15.41,15.95,69917,110047470.0
2026-04-17,15.96,16.33,15.9,16.09,60245,96940116.0
2026-04-20,16.0,16.32,15.98,16.07,58338,94198536.0
2026-04-21,15.99,16.25,15.66,15.87,75754,120265303.0
2026-04-22,15.87,16.75,15.71,16.71,119490,194808635.0
2026-04-23,16.59,16.88,15.97,16.1,104555,169760385.0
2026-04-24,15.93,16.29,15.89,16.07,90010,145051425.0
2026-04-27,17.12,18.5,16.92,17.47,295438,522571007.0
2026-04-28,17.37,18.08,17.18,17.32,176830,309679640.0
2026-04-29,17.15,17.55,17.02,17.18,99148,171225961.0
2026-04-30,17.17,17.33,17.05,17.26,86618,149236632.0
2026-05-06,17.26,17.8,17.26,17.48,111019,195020508.0
2026-05-07,17.51,18.0,17.43,17.95,104337,186269160.0
2026-05-08,17.84,18.33,17.7,18.26,100843,182510212.0
2026-05-11,18.5,18.95,18.01,18.74,142499,263638643.0
2026-05-12,18.65,18.97,18.4,18.63,113969,213119760.0
2026-05-13,18.51,19.64,18.42,19.39,152010,290000151.0
2026-05-14,19.3,20.24,19.15,19.25,144400,281926626.0
2026-05-15,19.19,19.45,18.71,18.89,117588,223807351.0
2026-05-18,18.76,19.08,18.59,18.88,68213,128681439.0
2026-05-19,18.74,19.01,18.51,18.88,66081,123863947.0
2026-05-20,18.79,18.85,18.21,18.54,97092,179177520.0
2026-05-21,18.54,18.91,17.3,17.38,84005,152369489.0
2026-05-22,17.5,18.62,17.35,18.51,89337,161597117.0
2026-05-25,18.69,19.68,18.56,19.0,117172,224125797.0
2026-05-26,18.91,19.44,18.51,18.9,108551,205665936.0
2026-05-27,18.97,19.06,18.12,18.36,89090,164429594.0
2026-05-28,18.38,19.4,18.0,19.38,111386,209280398.0
2026-05-29,19.39,19.84,18.67,19.01,149633,287123403.0
2026-06-01,19.12,19.63,18.64,19.06,122046,233614362.0
2026-06-02,18.96,19.1,18.32,18.53,96224,178926058.0
2026-06-03,18.56,19.53,18.53,19.28,133792,255856407.0
2026-06-04,18.98,20.89,18.86,19.83,230330,458375572.0
2026-06-05,19.87,20.69,19.33,19.56,221813,441489962.0
2026-06-08,18.4,19.34,18.0,18.41,175240,326734540.0
2026-06-09,18.71,18.9,18.13,18.35,116737,215777178.0
2026-06-10,17.89,18.39,17.3,17.66,123862,219480374.0
2026-06-11,17.4,18.1,16.9,17.43,100588,175473871.0
2026-06-12,17.71,17.92,16.85,16.94,96833,167308846.0
2026-06-15,16.95,18.11,16.9,17.85,126161,221368917.0
2026-06-16,17.73,19.06,17.66,18.74,145343,269121087.0
2026-06-17,18.48,18.97,18.48,18.58,93998,175723848.0
2026-06-18,18.45,18.86,18.04,18.34,83656,154370711.0
2026-06-22,18.43,19.84,17.81,19.35,172235,326401706.0
2026-06-23,19.13,19.8,18.95,19.45,139765,271391352.0
2026-06-24,19.23,19.4,18.33,18.75,112590,211426243.0
2026-06-25,18.75,18.94,17.3,17.63,131493,235509973.0
2026-06-26,17.46,17.56,16.16,16.65,130577,219095463.0
2026-06-29,16.51,16.6,15.12,15.56,127856,200628602.0
2026-06-30,15.49,16.37,15.37,16.13,97637,156625040.0
2026-07-01,15.98,16.43,15.75,15.86,101870,163292409.0
2026-07-02,15.59,16.37,15.3,15.42,90694,142833243.0
2026-07-03,15.73,16.8,15.71,16.04,131337,212267424.0
2026-07-06,15.96,16.38,15.07,16.26,132930,209586189.0
2026-07-07,16.05,16.05,15.3,15.47,104981,163680987.0
2026-07-08,15.33,18.36,15.32,17.01,280081,475446182.0
2026-07-09,17.01,17.24,16.33,16.86,180512,302182528.0
